uid,namedLocation,domainID,siteID,plotID,setDate,collectDate,identifiedDate,subsampleID,subsampleCode,targetTaxaPresent,individualCount,taxonID,kingdom,phylum,class,order,family,subfamily,tribe,genus,subgenus,specificEpithet,infraspecificEpithet,scientificName,scientificNameAuthorship,taxonRank,nativeStatusCode,identificationQualifier,sex,identificationReferences,sampleCondition,identificationRemarks,remarks,identifiedBy,laboratoryName,identificationHistoryID
"1d393c65-34b7-4d27-9234-85c17c99af79","OSBS_056.mosquitoPoint.mos","D03","OSBS","OSBS_056","2019-03-04T20:00Z","2019-03-05T15:33Z","2019-05-02","OSBS_056.20190305.1033.S.01",,"Y",64,"ANOCRU","Animalia","Arthropoda","Insecta","Diptera","Culicidae","Anophelinae",,"Anopheles","Anopheles","crucians",,"Anopheles crucians","Wiedemann, 1828","species","N",,"F","Darsie Jr., R. F., and R. A. Ward. 2005. Identification and geographical distribution of the mosquitoes of North America, North of Mexico. University Press of Florida, Gainesville.","No known compromise",,,"K.L. Renfro","Vector Disease Control International",
"43a05349-d93b-4292-9c5a-e20e4c8c819b","OSBS_056.mosquitoPoint.mos","D03","OSBS","OSBS_056","2019-03-04T20:00Z","2019-03-05T15:33Z","2019-05-02","OSBS_056.20190305.1033.S.01",,"Y",1,"CULSAL","Animalia","Arthropoda","Insecta","Diptera","Culicidae","Culicinae","Culicini","Culex","Culex","salinarius",,"Culex salinarius","Coquillett, 1904","species","N",,"F","Darsie Jr., R. F., and R. A. Ward. 2005. Identification and geographical distribution of the mosquitoes of North America, North of Mexico. University Press of Florida, Gainesville.","No known compromise",,,"K.L. Renfro","Vector Disease Control International",
"45765995-396a-4152-9581-2c8ac51d089b","OSBS_056.mosquitoPoint.mos","D03","OSBS","OSBS_056","2019-03-04T20:00Z","2019-03-05T15:33Z","2019-05-02","OSBS_056.20190305.1033.S.01",,"Y",5,"MANTIT","Animalia","Arthropoda","Insecta","Diptera","Culicidae","Culicinae","Mansoniini","Mansonia","Mansonia","titillans",,"Mansonia titillans","(Walker, 1848)","species","N",,"F","Darsie Jr., R. F., and R. A. Ward. 2005. Identification and geographical distribution of the mosquitoes of North America, North of Mexico. University Press of Florida, Gainesville.","No known compromise",,,"K.L. Renfro","Vector Disease Control International",
"5a1bc228-2b43-4287-8cf3-25ffc764e6bd","OSBS_056.mosquitoPoint.mos","D03","OSBS","OSBS_056","2019-03-04T20:00Z","2019-03-05T15:33Z","2019-05-02","OSBS_056.20190305.1033.S.01",,"Y",3,"COQPER","Animalia","Arthropoda","Insecta","Diptera","Culicidae","Culicinae","Mansoniini","Coquillettidia","Coquillettidia","perturbans",,"Coquillettidia perturbans","(Walker, 1856)","species","N",,"F","Darsie Jr., R. F., and R. A. Ward. 2005. Identification and geographical distribution of the mosquitoes of North America, North of Mexico. University Press of Florida, Gainesville.","No known compromise",,,"K.L. Renfro","Vector Disease Control International",
"c2ab64cf-4832-484d-b4b5-7bdfbcdf90ed","OSBS_056.mosquitoPoint.mos","D03","OSBS","OSBS_056","2019-03-04T20:00Z","2019-03-05T15:33Z","2019-05-02","OSBS_056.20190305.1033.S.01",,"Y",9,"CULERR","Animalia","Arthropoda","Insecta","Diptera","Culicidae","Culicinae","Culicini","Culex","Melanoconion","erraticus",,"Culex erraticus","(Dyar and Knab, 1906)","species","N",,"F","Darsie Jr., R. F., and R. A. Ward. 2005. Identification and geographical distribution of the mosquitoes of North America, North of Mexico. University Press of Florida, Gainesville.","No known compromise",,,"K.L. Renfro","Vector Disease Control International",
"92e3825b-7b8b-49ee-a1c5-9cd491147950","OSBS_057.mosquitoPoint.mos","D03","OSBS","OSBS_057","2019-03-04T20:12Z","2019-03-05T13:13Z","2019-05-02","OSBS_057.20190305.0813.S.01",,"Y",15,"COQPER","Animalia","Arthropoda","Insecta","Diptera","Culicidae","Culicinae","Mansoniini","Coquillettidia","Coquillettidia","perturbans",,"Coquillettidia perturbans","(Walker, 1856)","species","N",,"F","Darsie Jr., R. F., and R. A. Ward. 2005. Identification and geographical distribution of the mosquitoes of North America, North of Mexico. University Press of Florida, Gainesville.","No known compromise",,,"K.L. Renfro","Vector Disease Control International",
"6343c873-f91d-47f8-b532-0e606db76263","OSBS_057.mosquitoPoint.mos","D03","OSBS","OSBS_057","2019-03-04T20:12Z","2019-03-05T13:13Z","2019-05-02","OSBS_057.20190305.0813.S.01",,"Y",2,"CULSAL","Animalia","Arthropoda","Insecta","Diptera","Culicidae","Culicinae","Culicini","Culex","Culex","salinarius",,"Culex salinarius","Coquillett, 1904","species","N",,"F","Darsie Jr., R. F., and R. A. Ward. 2005. Identification and geographical distribution of the mosquitoes of North America, North of Mexico. University Press of Florida, Gainesville.","No known compromise",,,"K.L. Renfro","Vector Disease Control International",
"5bd1d2af-a284-4366-9267-a869d7bed9a3","OSBS_057.mosquitoPoint.mos","D03","OSBS","OSBS_057","2019-03-04T20:12Z","2019-03-05T13:13Z","2019-05-02","OSBS_057.20190305.0813.S.01",,"Y",98,"ANOCRU","Animalia","Arthropoda","Insecta","Diptera","Culicidae","Anophelinae",,"Anopheles","Anopheles","crucians",,"Anopheles crucians","Wiedemann, 1828","species","N",,"F","Darsie Jr., R. F., and R. A. Ward. 2005. Identification and geographical distribution of the mosquitoes of North America, North of Mexico. University Press of Florida, Gainesville.","No known compromise",,,"K.L. Renfro","Vector Disease Control International",
"c27e157f-fce3-431a-8449-f4868d32f986","OSBS_057.mosquitoPoint.mos","D03","OSBS","OSBS_057","2019-03-04T20:12Z","2019-03-05T13:13Z","2019-05-02","OSBS_057.20190305.0813.S.01",,"Y",3,"CULMEL","Animalia","Arthropoda","Insecta","Diptera","Culicidae","Culicinae","Culisetini","Culiseta","Climacura","melanura",,"Culiseta melanura","(Coquillett, 1902)","species","N",,"F","Darsie Jr., R. F., and R. A. Ward. 2005. Identification and geographical distribution of the mosquitoes of North America, North of Mexico. University Press of Florida, Gainesville.","No known compromise",,,"K.L. Renfro","Vector Disease Control International",
"adb4e7e5-8455-43de-9b26-f341617a23e9","OSBS_057.mosquitoPoint.mos","D03","OSBS","OSBS_057","2019-03-04T20:12Z","2019-03-05T13:13Z","2019-05-02","OSBS_057.20190305.0813.S.01",,"Y",2,"CULRES","Animalia","Arthropoda","Insecta","Diptera","Culicidae","Culicinae","Culicini","Culex","Culex","restuans",,"Culex restuans","Theobald, 1901","species","N",,"F","Darsie Jr., R. F., and R. A. Ward. 2005. Identification and geographical distribution of the mosquitoes of North America, North of Mexico. University Press of Florida, Gainesville.","No known compromise",,,"K.L. Renfro","Vector Disease Control International",
"d6ffe799-d346-48d1-b5f8-d35545d8d458","OSBS_057.mosquitoPoint.mos","D03","OSBS","OSBS_057","2019-03-04T20:12Z","2019-03-05T13:13Z","2019-05-02","OSBS_057.20190305.0813.S.01",,"Y",1,"MANTIT","Animalia","Arthropoda","Insecta","Diptera","Culicidae","Culicinae","Mansoniini","Mansonia","Mansonia","titillans",,"Mansonia titillans","(Walker, 1848)","species","N",,"F","Darsie Jr., R. F., and R. A. Ward. 2005. Identification and geographical distribution of the mosquitoes of North America, North of Mexico. University Press of Florida, Gainesville.","No known compromise",,,"K.L. Renfro","Vector Disease Control International",
"f10773dd-1e35-4a64-a659-cf93ecc63188","OSBS_057.mosquitoPoint.mos","D03","OSBS","OSBS_057","2019-03-04T20:12Z","2019-03-05T13:13Z","2019-05-02","OSBS_057.20190305.0813.S.01",,"Y",13,"CULERR","Animalia","Arthropoda","Insecta","Diptera","Culicidae","Culicinae","Culicini","Culex","Melanoconion","erraticus",,"Culex erraticus","(Dyar and Knab, 1906)","species","N",,"F","Darsie Jr., R. F., and R. A. Ward. 2005. Identification and geographical distribution of the mosquitoes of North America, North of Mexico. University Press of Florida, Gainesville.","No known compromise",,,"K.L. Renfro","Vector Disease Control International",
"a03fb914-e5f0-48a6-9930-4052ba8adcbf","OSBS_055.mosquitoPoint.mos","D03","OSBS","OSBS_055","2019-03-04T20:44Z","2019-03-05T13:36Z","2019-05-02","OSBS_055.20190305.0836.S.01",,"Y",2,"CULNIG","Animalia","Arthropoda","Insecta","Diptera","Culicidae","Culicinae","Culicini","Culex","Culex","nigripalpus",,"Culex nigripalpus","Theobald, 1901","species","N",,"F","Darsie Jr., R. F., and R. A. Ward. 2005. Identification and geographical distribution of the mosquitoes of North America, North of Mexico. University Press of Florida, Gainesville.","No known compromise",,,"K.L. Renfro","Vector Disease Control International",
"ccb3cf88-6fe8-4eca-aae2-c5e3000c4666","OSBS_055.mosquitoPoint.mos","D03","OSBS","OSBS_055","2019-03-04T20:44Z","2019-03-05T13:36Z","2019-05-02","OSBS_055.20190305.0836.S.01",,"Y",2,"CULSAL","Animalia","Arthropoda","Insecta","Diptera","Culicidae","Culicinae","Culicini","Culex","Culex","salinarius",,"Culex salinarius","Coquillett, 1904","species","N",,"F","Darsie Jr., R. F., and R. A. Ward. 2005. Identification and geographical distribution of the mosquitoes of North America, North of Mexico. University Press of Florida, Gainesville.","No known compromise",,,"K.L. Renfro","Vector Disease Control International",
"d20b38c2-f21c-4635-a2c5-ea3e7ee9dba9","OSBS_055.mosquitoPoint.mos","D03","OSBS","OSBS_055","2019-03-04T20:44Z","2019-03-05T13:36Z","2019-05-02","OSBS_055.20190305.0836.S.01",,"Y",8,"CULERR","Animalia","Arthropoda","Insecta","Diptera","Culicidae","Culicinae","Culicini","Culex","Melanoconion","erraticus",,"Culex erraticus","(Dyar and Knab, 1906)","species","N",,"F","Darsie Jr., R. F., and R. A. Ward. 2005. Identification and geographical distribution of the mosquitoes of North America, North of Mexico. University Press of Florida, Gainesville.","No known compromise",,,"K.L. Renfro","Vector Disease Control International",
"11be3b79-44fe-4ac8-a382-015a3918f0e0","OSBS_055.mosquitoPoint.mos","D03","OSBS","OSBS_055","2019-03-04T20:44Z","2019-03-05T13:36Z","2019-05-02","OSBS_055.20190305.0836.S.01",,"Y",1,"MANTIT","Animalia","Arthropoda","Insecta","Diptera","Culicidae","Culicinae","Mansoniini","Mansonia","Mansonia","titillans",,"Mansonia titillans","(Walker, 1848)","species","N",,"F","Darsie Jr., R. F., and R. A. Ward. 2005. Identification and geographical distribution of the mosquitoes of North America, North of Mexico. University Press of Florida, Gainesville.","No known compromise",,,"K.L. Renfro","Vector Disease Control International",
"32707fff-4cc6-497c-a248-4bc5d9273526","OSBS_055.mosquitoPoint.mos","D03","OSBS","OSBS_055","2019-03-04T20:44Z","2019-03-05T13:36Z","2019-05-02","OSBS_055.20190305.0836.S.01",,"Y",1,"CULMEL","Animalia","Arthropoda","Insecta","Diptera","Culicidae","Culicinae","Culisetini","Culiseta","Climacura","melanura",,"Culiseta melanura","(Coquillett, 1902)","species","N",,"F","Darsie Jr., R. F., and R. A. Ward. 2005. Identification and geographical distribution of the mosquitoes of North America, North of Mexico. University Press of Florida, Gainesville.","No known compromise",,,"K.L. Renfro","Vector Disease Control International",
"7a828095-bdd7-4f94-b0b4-c28783e27945","OSBS_055.mosquitoPoint.mos","D03","OSBS","OSBS_055","2019-03-04T20:44Z","2019-03-05T13:36Z","2019-05-02","OSBS_055.20190305.0836.S.01",,"Y",127,"ANOCRU","Animalia","Arthropoda","Insecta","Diptera","Culicidae","Anophelinae",,"Anopheles","Anopheles","crucians",,"Anopheles crucians","Wiedemann, 1828","species","N",,"F","Darsie Jr., R. F., and R. A. Ward. 2005. Identification and geographical distribution of the mosquitoes of North America, North of Mexico. University Press of Florida, Gainesville.","No known compromise",,,"K.L. Renfro","Vector Disease Control International",
"a1b93c48-3381-4bcd-9648-dc85eaa2a42b","OSBS_054.mosquitoPoint.mos","D03","OSBS","OSBS_054","2019-03-04T21:29Z","2019-03-05T14:01Z","2019-05-02","OSBS_054.20190305.0901.S.01",,"Y",1,"CULNIG","Animalia","Arthropoda","Insecta","Diptera","Culicidae","Culicinae","Culicini","Culex","Culex","nigripalpus",,"Culex nigripalpus","Theobald, 1901","species","N",,"F","Darsie Jr., R. F., and R. A. Ward. 2005. Identification and geographical distribution of the mosquitoes of North America, North of Mexico. University Press of Florida, Gainesville.","No known compromise",,,"K.L. Renfro","Vector Disease Control International",
"a7b30e9a-be3f-46c5-bcf1-23713c2fb5c9","OSBS_054.mosquitoPoint.mos","D03","OSBS","OSBS_054","2019-03-04T21:29Z","2019-03-05T14:01Z","2019-05-02","OSBS_054.20190305.0901.S.01",,"Y",1,"CULRES","Animalia","Arthropoda","Insecta","Diptera","Culicidae","Culicinae","Culicini","Culex","Culex","restuans",,"Culex restuans","Theobald, 1901","species","N",,"F","Darsie Jr., R. F., and R. A. Ward. 2005. Identification and geographical distribution of the mosquitoes of North America, North of Mexico. University Press of Florida, Gainesville.","No known compromise",,,"K.L. Renfro","Vector Disease Control International",
"b1cfa6f7-bcca-4195-b8f5-e6f7263703f1","OSBS_054.mosquitoPoint.mos","D03","OSBS","OSBS_054","2019-03-04T21:29Z","2019-03-05T14:01Z","2019-05-02","OSBS_054.20190305.0901.S.01",,"Y",1,"CULSAL","Animalia","Arthropoda","Insecta","Diptera","Culicidae","Culicinae","Culicini","Culex","Culex","salinarius",,"Culex salinarius","Coquillett, 1904","species","N",,"F","Darsie Jr., R. F., and R. A. Ward. 2005. Identification and geographical distribution of the mosquitoes of North America, North of Mexico. University Press of Florida, Gainesville.","No known compromise",,,"K.L. Renfro","Vector Disease Control International",
"ac0ae6d3-abcf-4267-a625-5cdd4ea47e5b","OSBS_054.mosquitoPoint.mos","D03","OSBS","OSBS_054","2019-03-04T21:29Z","2019-03-05T14:01Z","2019-05-02","OSBS_054.20190305.0901.S.01",,"Y",36,"CULERR","Animalia","Arthropoda","Insecta","Diptera","Culicidae","Culicinae","Culicini","Culex","Melanoconion","erraticus",,"Culex erraticus","(Dyar and Knab, 1906)","species","N",,"F","Darsie Jr., R. F., and R. A. Ward. 2005. Identification and geographical distribution of the mosquitoes of North America, North of Mexico. University Press of Florida, Gainesville.","No known compromise",,,"K.L. Renfro","Vector Disease Control International",
"166d2480-ae03-4acc-8e13-1a941640325e","OSBS_054.mosquitoPoint.mos","D03","OSBS","OSBS_054","2019-03-04T21:29Z","2019-03-05T14:01Z","2019-05-02","OSBS_054.20190305.0901.S.01",,"Y",1,"COQPER","Animalia","Arthropoda","Insecta","Diptera","Culicidae","Culicinae","Mansoniini","Coquillettidia","Coquillettidia","perturbans",,"Coquillettidia perturbans","(Walker, 1856)","species","N",,"F","Darsie Jr., R. F., and R. A. Ward. 2005. Identification and geographical distribution of the mosquitoes of North America, North of Mexico. University Press of Florida, Gainesville.","No known compromise",,,"K.L. Renfro","Vector Disease Control International",
"92dd7695-cb0e-46ac-a3dd-c49fb547e0db","OSBS_054.mosquitoPoint.mos","D03","OSBS","OSBS_054","2019-03-04T21:29Z","2019-03-05T14:01Z","2019-05-02","OSBS_054.20190305.0901.S.01",,"Y",2,"MANTIT","Animalia","Arthropoda","Insecta","Diptera","Culicidae","Culicinae","Mansoniini","Mansonia","Mansonia","titillans",,"Mansonia titillans","(Walker, 1848)","species","N",,"F","Darsie Jr., R. F., and R. A. Ward. 2005. Identification and geographical distribution of the mosquitoes of North America, North of Mexico. University Press of Florida, Gainesville.","No known compromise",,,"K.L. Renfro","Vector Disease Control International",
"783871e4-a5c4-4ba2-a06b-a528613dfa4a","OSBS_054.mosquitoPoint.mos","D03","OSBS","OSBS_054","2019-03-04T21:29Z","2019-03-05T14:01Z","2019-05-02","OSBS_054.20190305.0901.S.01",,"Y",2,"CULMEL","Animalia","Arthropoda","Insecta","Diptera","Culicidae","Culicinae","Culisetini","Culiseta","Climacura","melanura",,"Culiseta melanura","(Coquillett, 1902)","species","N",,"F","Darsie Jr., R. F., and R. A. Ward. 2005. Identification and geographical distribution of the mosquitoes of North America, North of Mexico. University Press of Florida, Gainesville.","No known compromise",,,"K.L. Renfro","Vector Disease Control International",
"4d6bfa8b-b392-445d-8103-a981403b4fcb","OSBS_054.mosquitoPoint.mos","D03","OSBS","OSBS_054","2019-03-04T21:29Z","2019-03-05T14:01Z","2019-05-02","OSBS_054.20190305.0901.S.01",,"Y",82,"ANOCRU","Animalia","Arthropoda","Insecta","Diptera","Culicidae","Anophelinae",,"Anopheles","Anopheles","crucians",,"Anopheles crucians","Wiedemann, 1828","species","N",,"F","Darsie Jr., R. F., and R. A. Ward. 2005. Identification and geographical distribution of the mosquitoes of North America, North of Mexico. University Press of Florida, Gainesville.","No known compromise",,,"K.L. Renfro","Vector Disease Control International",
"bdacb18f-ad4a-4307-aa48-86742707af16","OSBS_052.mosquitoPoint.mos","D03","OSBS","OSBS_052","2019-03-04T21:43Z","2019-03-05T14:14Z","2019-05-02","OSBS_052.20190305.0914.S.01",,"Y",2,"CULERR","Animalia","Arthropoda","Insecta","Diptera","Culicidae","Culicinae","Culicini","Culex","Melanoconion","erraticus",,"Culex erraticus","(Dyar and Knab, 1906)","species","N",,"F","Darsie Jr., R. F., and R. A. Ward. 2005. Identification and geographical distribution of the mosquitoes of North America, North of Mexico. University Press of Florida, Gainesville.","No known compromise",,,"K.L. Renfro","Vector Disease Control International",
"c50e6cc8-072c-40a2-8f5a-45c86d8e00b7","OSBS_052.mosquitoPoint.mos","D03","OSBS","OSBS_052","2019-03-04T21:43Z","2019-03-05T14:14Z","2019-05-02","OSBS_052.20190305.0914.S.01",,"Y",15,"ANOCRU","Animalia","Arthropoda","Insecta","Diptera","Culicidae","Anophelinae",,"Anopheles","Anopheles","crucians",,"Anopheles crucians","Wiedemann, 1828","species","N",,"F","Darsie Jr., R. F., and R. A. Ward. 2005. Identification and geographical distribution of the mosquitoes of North America, North of Mexico. University Press of Florida, Gainesville.","No known compromise",,,"K.L. Renfro","Vector Disease Control International",
"89fc0a44-c48f-4584-944b-bd85471e3eb3","OSBS_052.mosquitoPoint.mos","D03","OSBS","OSBS_052","2019-03-04T21:43Z","2019-03-05T14:14Z","2019-05-02","OSBS_052.20190305.0914.S.01",,"Y",2,"MANTIT","Animalia","Arthropoda","Insecta","Diptera","Culicidae","Culicinae","Mansoniini","Mansonia","Mansonia","titillans",,"Mansonia titillans","(Walker, 1848)","species","N",,"F","Darsie Jr., R. F., and R. A. Ward. 2005. Identification and geographical distribution of the mosquitoes of North America, North of Mexico. University Press of Florida, Gainesville.","No known compromise",,,"K.L. Renfro","Vector Disease Control International",
"209b3e2c-b13f-4f72-9c5c-dce6a29f0586","OSBS_053.mosquitoPoint.mos","D03","OSBS","OSBS_053","2019-03-04T21:50Z","2019-03-05T14:26Z","2019-05-02","OSBS_053.20190305.0926.S.01",,"Y",20,"CULSAL","Animalia","Arthropoda","Insecta","Diptera","Culicidae","Culicinae","Culicini","Culex","Culex","salinarius",,"Culex salinarius","Coquillett, 1904","species","N",,"F","Darsie Jr., R. F., and R. A. Ward. 2005. Identification and geographical distribution of the mosquitoes of North America, North of Mexico. University Press of Florida, Gainesville.","No known compromise",,,"K.L. Renfro","Vector Disease Control International",
"21e40fa8-668e-4b45-8867-e345a479a46f","OSBS_053.mosquitoPoint.mos","D03","OSBS","OSBS_053","2019-03-04T21:50Z","2019-03-05T14:26Z","2019-05-02","OSBS_053.20190305.0926.S.01",,"Y",170,"ANOCRU","Animalia","Arthropoda","Insecta","Diptera","Culicidae","Anophelinae",,"Anopheles","Anopheles","crucians",,"Anopheles crucians","Wiedemann, 1828","species","N",,"F","Darsie Jr., R. F., and R. A. Ward. 2005. Identification and geographical distribution of the mosquitoes of North America, North of Mexico. University Press of Florida, Gainesville.","No known compromise",,,"K.L. Renfro","Vector Disease Control International",
"f24f28ad-6abc-4ed3-a34c-35ae1eb58457","OSBS_053.mosquitoPoint.mos","D03","OSBS","OSBS_053","2019-03-04T21:50Z","2019-03-05T14:26Z","2019-05-02","OSBS_053.20190305.0926.S.01",,"Y",2,"COQPER","Animalia","Arthropoda","Insecta","Diptera","Culicidae","Culicinae","Mansoniini","Coquillettidia","Coquillettidia","perturbans",,"Coquillettidia perturbans","(Walker, 1856)","species","N",,"F","Darsie Jr., R. F., and R. A. Ward. 2005. Identification and geographical distribution of the mosquitoes of North America, North of Mexico. University Press of Florida, Gainesville.","No known compromise",,,"K.L. Renfro","Vector Disease Control International",
"f907ec23-dfca-4c13-8c9a-5c4399c7f56e","OSBS_053.mosquitoPoint.mos","D03","OSBS","OSBS_053","2019-03-04T21:50Z","2019-03-05T14:26Z","2019-05-02","OSBS_053.20190305.0926.S.01",,"Y",2,"CULMEL","Animalia","Arthropoda","Insecta","Diptera","Culicidae","Culicinae","Culisetini","Culiseta","Climacura","melanura",,"Culiseta melanura","(Coquillett, 1902)","species","N",,"F","Darsie Jr., R. F., and R. A. Ward. 2005. Identification and geographical distribution of the mosquitoes of North America, North of Mexico. University Press of Florida, Gainesville.","No known compromise",,,"K.L. Renfro","Vector Disease Control International",
"94a0e223-9ac2-4e43-bfd9-ec459d1bf22c","OSBS_053.mosquitoPoint.mos","D03","OSBS","OSBS_053","2019-03-04T21:50Z","2019-03-05T14:26Z","2019-05-02","OSBS_053.20190305.0926.S.01",,"Y",3,"CULERR","Animalia","Arthropoda","Insecta","Diptera","Culicidae","Culicinae","Culicini","Culex","Melanoconion","erraticus",,"Culex erraticus","(Dyar and Knab, 1906)","species","N",,"F","Darsie Jr., R. F., and R. A. Ward. 2005. Identification and geographical distribution of the mosquitoes of North America, North of Mexico. University Press of Florida, Gainesville.","No known compromise",,,"K.L. Renfro","Vector Disease Control International",
"8846f2aa-15ae-4ddd-a459-0da777d26b9f","OSBS_053.mosquitoPoint.mos","D03","OSBS","OSBS_053","2019-03-04T21:50Z","2019-03-05T14:26Z","2019-05-02","OSBS_053.20190305.0926.S.01",,"Y",1,"CULRES","Animalia","Arthropoda","Insecta","Diptera","Culicidae","Culicinae","Culicini","Culex","Culex","restuans",,"Culex restuans","Theobald, 1901","species","N",,"F","Darsie Jr., R. F., and R. A. Ward. 2005. Identification and geographical distribution of the mosquitoes of North America, North of Mexico. University Press of Florida, Gainesville.","No known compromise",,,"K.L. Renfro","Vector Disease Control International",
"5921c718-1624-474c-8d96-2accb620d119","OSBS_053.mosquitoPoint.mos","D03","OSBS","OSBS_053","2019-03-04T21:50Z","2019-03-05T14:26Z","2019-05-02","OSBS_053.20190305.0926.S.01",,"Y",2,"MANTIT","Animalia","Arthropoda","Insecta","Diptera","Culicidae","Culicinae","Mansoniini","Mansonia","Mansonia","titillans",,"Mansonia titillans","(Walker, 1848)","species","N",,"F","Darsie Jr., R. F., and R. A. Ward. 2005. Identification and geographical distribution of the mosquitoes of North America, North of Mexico. University Press of Florida, Gainesville.","No known compromise",,,"K.L. Renfro","Vector Disease Control International",
"cb236c34-176c-4652-98d9-867678028704","OSBS_059.mosquitoPoint.mos","D03","OSBS","OSBS_059","2019-03-04T22:01Z","2019-03-05T14:34Z","2019-05-02","OSBS_059.20190305.0934.S.01",,"Y",1,"CULMEL","Animalia","Arthropoda","Insecta","Diptera","Culicidae","Culicinae","Culisetini","Culiseta","Climacura","melanura",,"Culiseta melanura","(Coquillett, 1902)","species","N",,"F","Darsie Jr., R. F., and R. A. Ward. 2005. Identification and geographical distribution of the mosquitoes of North America, North of Mexico. University Press of Florida, Gainesville.","No known compromise",,,"K.L. Renfro","Vector Disease Control International",
"1e8aa24d-a481-4177-b68b-c4f0945b8809","OSBS_059.mosquitoPoint.mos","D03","OSBS","OSBS_059","2019-03-04T22:01Z","2019-03-05T14:34Z","2019-05-02","OSBS_059.20190305.0934.S.01",,"Y",1,"CULRES","Animalia","Arthropoda","Insecta","Diptera","Culicidae","Culicinae","Culicini","Culex","Culex","restuans",,"Culex restuans","Theobald, 1901","species","N",,"F","Darsie Jr., R. F., and R. A. Ward. 2005. Identification and geographical distribution of the mosquitoes of North America, North of Mexico. University Press of Florida, Gainesville.","No known compromise",,,"K.L. Renfro","Vector Disease Control International",
"bc0b2024-9440-4f15-b60f-11fae4de0248","OSBS_059.mosquitoPoint.mos","D03","OSBS","OSBS_059","2019-03-04T22:01Z","2019-03-05T14:34Z","2019-05-02","OSBS_059.20190305.0934.S.01",,"Y",41,"CULSAL","Animalia","Arthropoda","Insecta","Diptera","Culicidae","Culicinae","Culicini","Culex","Culex","salinarius",,"Culex salinarius","Coquillett, 1904","species","N",,"F","Darsie Jr., R. F., and R. A. Ward. 2005. Identification and geographical distribution of the mosquitoes of North America, North of Mexico. University Press of Florida, Gainesville.","No known compromise",,,"K.L. Renfro","Vector Disease Control International",
"9dd602e4-e0d0-4f5c-ba9d-ed896e8fae7e","OSBS_059.mosquitoPoint.mos","D03","OSBS","OSBS_059","2019-03-04T22:01Z","2019-03-05T14:34Z","2019-05-02","OSBS_059.20190305.0934.S.01",,"Y",34,"ANOCRU","Animalia","Arthropoda","Insecta","Diptera","Culicidae","Anophelinae",,"Anopheles","Anopheles","crucians",,"Anopheles crucians","Wiedemann, 1828","species","N",,"F","Darsie Jr., R. F., and R. A. Ward. 2005. Identification and geographical distribution of the mosquitoes of North America, North of Mexico. University Press of Florida, Gainesville.","No known compromise",,,"K.L. Renfro","Vector Disease Control International",
"159863f0-e162-4164-9db4-84b8f6155fdd","OSBS_059.mosquitoPoint.mos","D03","OSBS","OSBS_059","2019-03-04T22:01Z","2019-03-05T14:34Z","2019-05-02","OSBS_059.20190305.0934.S.01",,"Y",1,"MANTIT","Animalia","Arthropoda","Insecta","Diptera","Culicidae","Culicinae","Mansoniini","Mansonia","Mansonia","titillans",,"Mansonia titillans","(Walker, 1848)","species","N",,"F","Darsie Jr., R. F., and R. A. Ward. 2005. Identification and geographical distribution of the mosquitoes of North America, North of Mexico. University Press of Florida, Gainesville.","No known compromise",,,"K.L. Renfro","Vector Disease Control International",
"c0e2c407-8ff7-4328-ad47-2267288cd50f","OSBS_061.mosquitoPoint.mos","D03","OSBS","OSBS_061","2019-03-04T22:07Z","2019-03-05T14:38Z","2019-05-02","OSBS_061.20190305.0938.S.01",,"Y",2,"CULMEL","Animalia","Arthropoda","Insecta","Diptera","Culicidae","Culicinae","Culisetini","Culiseta","Climacura","melanura",,"Culiseta melanura","(Coquillett, 1902)","species","N",,"F","Darsie Jr., R. F., and R. A. Ward. 2005. Identification and geographical distribution of the mosquitoes of North America, North of Mexico. University Press of Florida, Gainesville.","No known compromise",,,"K.L. Renfro","Vector Disease Control International",
"3ec02aeb-3901-49a2-b610-5754a505ad5c","OSBS_061.mosquitoPoint.mos","D03","OSBS","OSBS_061","2019-03-04T22:07Z","2019-03-05T14:38Z","2019-05-02","OSBS_061.20190305.0938.S.01",,"Y",1,"COQPER","Animalia","Arthropoda","Insecta","Diptera","Culicidae","Culicinae","Mansoniini","Coquillettidia","Coquillettidia","perturbans",,"Coquillettidia perturbans","(Walker, 1856)","species","N",,"F","Darsie Jr., R. F., and R. A. Ward. 2005. Identification and geographical distribution of the mosquitoes of North America, North of Mexico. University Press of Florida, Gainesville.","No known compromise",,,"K.L. Renfro","Vector Disease Control International",
"e08124c9-2a29-41c8-90b2-2194952ca3ec","OSBS_061.mosquitoPoint.mos","D03","OSBS","OSBS_061","2019-03-04T22:07Z","2019-03-05T14:38Z","2019-05-02","OSBS_061.20190305.0938.S.01",,"Y",18,"ANOCRU","Animalia","Arthropoda","Insecta","Diptera","Culicidae","Anophelinae",,"Anopheles","Anopheles","crucians",,"Anopheles crucians","Wiedemann, 1828","species","N",,"F","Darsie Jr., R. F., and R. A. Ward. 2005. Identification and geographical distribution of the mosquitoes of North America, North of Mexico. University Press of Florida, Gainesville.","No known compromise",,,"K.L. Renfro","Vector Disease Control International",
"905ac62d-9f5f-43da-a864-71647d1087c2","OSBS_061.mosquitoPoint.mos","D03","OSBS","OSBS_061","2019-03-04T22:07Z","2019-03-05T14:38Z","2019-05-02","OSBS_061.20190305.0938.S.01",,"Y",4,"CULERR","Animalia","Arthropoda","Insecta","Diptera","Culicidae","Culicinae","Culicini","Culex","Melanoconion","erraticus",,"Culex erraticus","(Dyar and Knab, 1906)","species","N",,"F","Darsie Jr., R. F., and R. A. Ward. 2005. Identification and geographical distribution of the mosquitoes of North America, North of Mexico. University Press of Florida, Gainesville.","No known compromise",,,"K.L. Renfro","Vector Disease Control International",
"244b6654-97a8-4d92-aded-d9cc8250817e","OSBS_061.mosquitoPoint.mos","D03","OSBS","OSBS_061","2019-03-04T22:07Z","2019-03-05T14:38Z","2019-05-02","OSBS_061.20190305.0938.S.01",,"Y",10,"CULSAL","Animalia","Arthropoda","Insecta","Diptera","Culicidae","Culicinae","Culicini","Culex","Culex","salinarius",,"Culex salinarius","Coquillett, 1904","species","N",,"F","Darsie Jr., R. F., and R. A. Ward. 2005. Identification and geographical distribution of the mosquitoes of North America, North of Mexico. University Press of Florida, Gainesville.","No known compromise",,,"K.L. Renfro","Vector Disease Control International",
"87cedb18-82fe-4abf-887b-450a40755279","OSBS_060.mosquitoPoint.mos","D03","OSBS","OSBS_060","2019-03-04T22:33Z","2019-03-05T14:58Z","2019-05-02","OSBS_060.20190305.0958.S.01",,"Y",125,"ANOCRU","Animalia","Arthropoda","Insecta","Diptera","Culicidae","Anophelinae",,"Anopheles","Anopheles","crucians",,"Anopheles crucians","Wiedemann, 1828","species","N",,"F","Darsie Jr., R. F., and R. A. Ward. 2005. Identification and geographical distribution of the mosquitoes of North America, North of Mexico. University Press of Florida, Gainesville.","No known compromise",,,"K.L. Renfro","Vector Disease Control International",
"03f7f43e-eb3b-4519-b82a-5fc677bdcefe","OSBS_060.mosquitoPoint.mos","D03","OSBS","OSBS_060","2019-03-04T22:33Z","2019-03-05T14:58Z","2019-05-02","OSBS_060.20190305.0958.S.01",,"Y",3,"MANTIT","Animalia","Arthropoda","Insecta","Diptera","Culicidae","Culicinae","Mansoniini","Mansonia","Mansonia","titillans",,"Mansonia titillans","(Walker, 1848)","species","N",,"F","Darsie Jr., R. F., and R. A. Ward. 2005. Identification and geographical distribution of the mosquitoes of North America, North of Mexico. University Press of Florida, Gainesville.","No known compromise",,,"K.L. Renfro","Vector Disease Control International",
"0c48b08b-961a-4ecd-bed7-ecd8458c372b","OSBS_060.mosquitoPoint.mos","D03","OSBS","OSBS_060","2019-03-04T22:33Z","2019-03-05T14:58Z","2019-05-02","OSBS_060.20190305.0958.S.01",,"Y",1,"CULSAL","Animalia","Arthropoda","Insecta","Diptera","Culicidae","Culicinae","Culicini","Culex","Culex","salinarius",,"Culex salinarius","Coquillett, 1904","species","N",,"F","Darsie Jr., R. F., and R. A. Ward. 2005. Identification and geographical distribution of the mosquitoes of North America, North of Mexico. University Press of Florida, Gainesville.","No known compromise",,,"K.L. Renfro","Vector Disease Control International",
"c77be4eb-9a55-4917-b414-e4292268d9f7","OSBS_060.mosquitoPoint.mos","D03","OSBS","OSBS_060","2019-03-04T22:33Z","2019-03-05T14:58Z","2019-05-02","OSBS_060.20190305.0958.S.01",,"Y",10,"CULMEL","Animalia","Arthropoda","Insecta","Diptera","Culicidae","Culicinae","Culisetini","Culiseta","Climacura","melanura",,"Culiseta melanura","(Coquillett, 1902)","species","N",,"F","Darsie Jr., R. F., and R. A. Ward. 2005. Identification and geographical distribution of the mosquitoes of North America, North of Mexico. University Press of Florida, Gainesville.","No known compromise",,,"K.L. Renfro","Vector Disease Control International",
"1d5cf5f2-b78b-47f3-b75f-525a6065d4dc","OSBS_060.mosquitoPoint.mos","D03","OSBS","OSBS_060","2019-03-04T22:33Z","2019-03-05T14:58Z","2019-05-02","OSBS_060.20190305.0958.S.01",,"Y",6,"CULERR","Animalia","Arthropoda","Insecta","Diptera","Culicidae","Culicinae","Culicini","Culex","Melanoconion","erraticus",,"Culex erraticus","(Dyar and Knab, 1906)","species","N",,"F","Darsie Jr., R. F., and R. A. Ward. 2005. Identification and geographical distribution of the mosquitoes of North America, North of Mexico. University Press of Florida, Gainesville.","No known compromise",,,"K.L. Renfro","Vector Disease Control International",
"1456d973-5574-4338-8289-6b31f641f03d","OSBS_058.mosquitoPoint.mos","D03","OSBS","OSBS_058","2019-03-04T22:57Z","2019-03-05T15:13Z","2019-05-02","OSBS_058.20190305.1013.S.01",,"Y",1,"CULNIG","Animalia","Arthropoda","Insecta","Diptera","Culicidae","Culicinae","Culicini","Culex","Culex","nigripalpus",,"Culex nigripalpus","Theobald, 1901","species","N",,"F","Darsie Jr., R. F., and R. A. Ward. 2005. Identification and geographical distribution of the mosquitoes of North America, North of Mexico. University Press of Florida, Gainesville.","No known compromise",,,"K.L. Renfro","Vector Disease Control International",
"6fba14d2-9c8a-40dc-a3cf-f01fc33e86ae","OSBS_058.mosquitoPoint.mos","D03","OSBS","OSBS_058","2019-03-04T22:57Z","2019-03-05T15:13Z","2019-05-02","OSBS_058.20190305.1013.S.01",,"Y",127,"ANOCRU","Animalia","Arthropoda","Insecta","Diptera","Culicidae","Anophelinae",,"Anopheles","Anopheles","crucians",,"Anopheles crucians","Wiedemann, 1828","species","N",,"F","Darsie Jr., R. F., and R. A. Ward. 2005. Identification and geographical distribution of the mosquitoes of North America, North of Mexico. University Press of Florida, Gainesville.","No known compromise",,,"K.L. Renfro","Vector Disease Control International",
"7025c7ee-43d2-44c7-9f69-6bc8c4fc0ccf","OSBS_058.mosquitoPoint.mos","D03","OSBS","OSBS_058","2019-03-04T22:57Z","2019-03-05T15:13Z","2019-05-02","OSBS_058.20190305.1013.S.01",,"Y",11,"CULMEL","Animalia","Arthropoda","Insecta","Diptera","Culicidae","Culicinae","Culisetini","Culiseta","Climacura","melanura",,"Culiseta melanura","(Coquillett, 1902)","species","N",,"F","Darsie Jr., R. F., and R. A. Ward. 2005. Identification and geographical distribution of the mosquitoes of North America, North of Mexico. University Press of Florida, Gainesville.","No known compromise",,,"K.L. Renfro","Vector Disease Control International",
"670649ee-20a7-46a4-a4a4-23463aeff37e","OSBS_058.mosquitoPoint.mos","D03","OSBS","OSBS_058","2019-03-04T22:57Z","2019-03-05T15:13Z","2019-05-02","OSBS_058.20190305.1013.S.01",,"Y",15,"CULERR","Animalia","Arthropoda","Insecta","Diptera","Culicidae","Culicinae","Culicini","Culex","Melanoconion","erraticus",,"Culex erraticus","(Dyar and Knab, 1906)","species","N",,"F","Darsie Jr., R. F., and R. A. Ward. 2005. Identification and geographical distribution of the mosquitoes of North America, North of Mexico. University Press of Florida, Gainesville.","No known compromise",,,"K.L. Renfro","Vector Disease Control International",
"827c5edd-4461-4be1-b7d4-a10b425293b3","OSBS_058.mosquitoPoint.mos","D03","OSBS","OSBS_058","2019-03-04T22:57Z","2019-03-05T15:13Z","2019-05-02","OSBS_058.20190305.1013.S.01",,"Y",3,"CULRES","Animalia","Arthropoda","Insecta","Diptera","Culicidae","Culicinae","Culicini","Culex","Culex","restuans",,"Culex restuans","Theobald, 1901","species","N",,"F","Darsie Jr., R. F., and R. A. Ward. 2005. Identification and geographical distribution of the mosquitoes of North America, North of Mexico. University Press of Florida, Gainesville.","No known compromise",,,"K.L. Renfro","Vector Disease Control International",
"3bb7c1e8-a543-4808-9a3a-54b28c9e3114","OSBS_058.mosquitoPoint.mos","D03","OSBS","OSBS_058","2019-03-04T22:57Z","2019-03-05T15:13Z","2019-05-02","OSBS_058.20190305.1013.S.01",,"Y",1,"CULSAL","Animalia","Arthropoda","Insecta","Diptera","Culicidae","Culicinae","Culicini","Culex","Culex","salinarius",,"Culex salinarius","Coquillett, 1904","species","N",,"F","Darsie Jr., R. F., and R. A. Ward. 2005. Identification and geographical distribution of the mosquitoes of North America, North of Mexico. University Press of Florida, Gainesville.","No known compromise",,,"K.L. Renfro","Vector Disease Control International",
"4d9e74fe-cc8b-4530-8b0f-d2f19d8132e1","OSBS_058.mosquitoPoint.mos","D03","OSBS","OSBS_058","2019-03-04T22:57Z","2019-03-05T15:13Z","2019-05-02","OSBS_058.20190305.1013.S.01",,"Y",2,"COQPER","Animalia","Arthropoda","Insecta","Diptera","Culicidae","Culicinae","Mansoniini","Coquillettidia","Coquillettidia","perturbans",,"Coquillettidia perturbans","(Walker, 1856)","species","N",,"F","Darsie Jr., R. F., and R. A. Ward. 2005. Identification and geographical distribution of the mosquitoes of North America, North of Mexico. University Press of Florida, Gainesville.","No known compromise",,,"K.L. Renfro","Vector Disease Control International",
"5043919c-6d81-43e9-8ebd-1f101d537d13","OSBS_057.mosquitoPoint.mos","D03","OSBS","OSBS_057","2019-03-05T13:19Z","2019-03-05T20:25Z","2019-05-02","OSBS_057.20190305.1525.S.01",,"Y",4,"ANOCRU","Animalia","Arthropoda","Insecta","Diptera","Culicidae","Anophelinae",,"Anopheles","Anopheles","crucians",,"Anopheles crucians","Wiedemann, 1828","species","N",,"F","Darsie Jr., R. F., and R. A. Ward. 2005. Identification and geographical distribution of the mosquitoes of North America, North of Mexico. University Press of Florida, Gainesville.","No known compromise",,,"K.L. Renfro","Vector Disease Control International",
"a302ffd6-10dc-44aa-a226-e5a4f31975de","OSBS_055.mosquitoPoint.mos","D03","OSBS","OSBS_055","2019-03-05T13:36Z","2019-03-05T20:56Z","2019-05-02","OSBS_055.20190305.1556.S.01",,"Y",1,"ANOCRU","Animalia","Arthropoda","Insecta","Diptera","Culicidae","Anophelinae",,"Anopheles","Anopheles","crucians",,"Anopheles crucians","Wiedemann, 1828","species","N",,"F","Darsie Jr., R. F., and R. A. Ward. 2005. Identification and geographical distribution of the mosquitoes of North America, North of Mexico. University Press of Florida, Gainesville.","No known compromise",,,"K.L. Renfro","Vector Disease Control International",
"a3572bd8-0296-4d52-b79a-90fbd058aa12","OSBS_054.mosquitoPoint.mos","D03","OSBS","OSBS_054","2019-03-05T14:04Z","2019-03-05T21:25Z","2019-05-02","OSBS_054.20190305.1625.S.01",,"Y",6,"ANOCRU","Animalia","Arthropoda","Insecta","Diptera","Culicidae","Anophelinae",,"Anopheles","Anopheles","crucians",,"Anopheles crucians","Wiedemann, 1828","species","N",,"F","Darsie Jr., R. F., and R. A. Ward. 2005. Identification and geographical distribution of the mosquitoes of North America, North of Mexico. University Press of Florida, Gainesville.","No known compromise",,,"K.L. Renfro","Vector Disease Control International",
"82b8703a-1d6a-4d49-a97a-28cbd85c3d3e","OSBS_052.mosquitoPoint.mos","D03","OSBS","OSBS_052","2019-03-05T14:16Z","2019-03-05T21:34Z","2019-05-02","OSBS_052.20190305.1634.S.01",,"Y",5,"ANOCRU","Animalia","Arthropoda","Insecta","Diptera","Culicidae","Anophelinae",,"Anopheles","Anopheles","crucians",,"Anopheles crucians","Wiedemann, 1828","species","N",,"F","Darsie Jr., R. F., and R. A. Ward. 2005. Identification and geographical distribution of the mosquitoes of North America, North of Mexico. University Press of Florida, Gainesville.","No known compromise",,,"K.L. Renfro","Vector Disease Control International",
"aa1c4637-e99c-405a-a0a4-1a80ff14e8df","OSBS_053.mosquitoPoint.mos","D03","OSBS","OSBS_053","2019-03-05T14:27Z","2019-03-05T21:42Z","2019-05-02","OSBS_053.20190305.1642.S.01",,"Y",1,"ANOCRU","Animalia","Arthropoda","Insecta","Diptera","Culicidae","Anophelinae",,"Anopheles","Anopheles","crucians",,"Anopheles crucians","Wiedemann, 1828","species","N",,"F","Darsie Jr., R. F., and R. A. Ward. 2005. Identification and geographical distribution of the mosquitoes of North America, North of Mexico. University Press of Florida, Gainesville.","No known compromise",,,"K.L. Renfro","Vector Disease Control International",
"3448278e-07f4-4ae0-a3e2-b7af7de70fb0","OSBS_060.mosquitoPoint.mos","D03","OSBS","OSBS_060","2019-03-05T15:02Z","2019-03-05T22:25Z","2019-05-02","OSBS_060.20190305.1725.S.01",,"Y",1,"ANOCRU","Animalia","Arthropoda","Insecta","Diptera","Culicidae","Anophelinae",,"Anopheles","Anopheles","crucians",,"Anopheles crucians","Wiedemann, 1828","species","N",,"F","Darsie Jr., R. F., and R. A. Ward. 2005. Identification and geographical distribution of the mosquitoes of North America, North of Mexico. University Press of Florida, Gainesville.","No known compromise",,,"K.L. Renfro","Vector Disease Control International",
"8f08236f-6d20-45f5-8b15-5bbd919ef081","OSBS_058.mosquitoPoint.mos","D03","OSBS","OSBS_058","2019-03-05T15:19Z","2019-03-05T22:38Z","2019-05-02","OSBS_058.20190305.1738.S.01",,"Y",4,"ANOCRU","Animalia","Arthropoda","Insecta","Diptera","Culicidae","Anophelinae",,"Anopheles","Anopheles","crucians",,"Anopheles crucians","Wiedemann, 1828","species","N",,"F","Darsie Jr., R. F., and R. A. Ward. 2005. Identification and geographical distribution of the mosquitoes of North America, North of Mexico. University Press of Florida, Gainesville.","No known compromise",,,"K.L. Renfro","Vector Disease Control International",
"cec2f7d5-f252-44fb-85cb-4a9039db61e6","OSBS_058.mosquitoPoint.mos","D03","OSBS","OSBS_058","2019-03-05T15:19Z","2019-03-05T22:38Z","2019-05-02","OSBS_058.20190305.1738.S.01",,"Y",1,"CULERR","Animalia","Arthropoda","Insecta","Diptera","Culicidae","Culicinae","Culicini","Culex","Melanoconion","erraticus",,"Culex erraticus","(Dyar and Knab, 1906)","species","N",,"F","Darsie Jr., R. F., and R. A. Ward. 2005. Identification and geographical distribution of the mosquitoes of North America, North of Mexico. University Press of Florida, Gainesville.","No known compromise",,,"K.L. Renfro","Vector Disease Control International",
"3a17be04-ca75-4e22-803e-0cc59b6ce2ab","OSBS_058.mosquitoPoint.mos","D03","OSBS","OSBS_058","2019-03-05T15:19Z","2019-03-05T22:38Z","2019-05-02","OSBS_058.20190305.1738.S.01",,"Y",1,"CULRES","Animalia","Arthropoda","Insecta","Diptera","Culicidae","Culicinae","Culicini","Culex","Culex","restuans",,"Culex restuans","Theobald, 1901","species","N",,"M","Darsie Jr., R. F., and R. A. Ward. 2005. Identification and geographical distribution of the mosquitoes of North America, North of Mexico. University Press of Florida, Gainesville.","No known compromise",,,"K.L. Renfro","Vector Disease Control International",
"7e8f30e8-ff4f-4b67-8902-49e142a7af9c","OSBS_056.mosquitoPoint.mos","D03","OSBS","OSBS_056","2019-03-05T15:37Z","2019-03-05T22:58Z","2019-05-02","OSBS_056.20190305.1758.S.01",,"Y",2,"ANOCRU","Animalia","Arthropoda","Insecta","Diptera","Culicidae","Anophelinae",,"Anopheles","Anopheles","crucians",,"Anopheles crucians","Wiedemann, 1828","species","N",,"F","Darsie Jr., R. F., and R. A. Ward. 2005. Identification and geographical distribution of the mosquitoes of North America, North of Mexico. University Press of Florida, Gainesville.","No known compromise",,,"K.L. Renfro","Vector Disease Control International",
"481039be-dd1b-4bd8-9cc4-3544c6c15bee","OSBS_052.mosquitoPoint.mos","D03","OSBS","OSBS_052","2019-03-18T20:04Z","2019-03-19T13:42Z","2019-05-02","OSBS_052.20190319.0942.S.01",,"Y",1,"CULSAL","Animalia","Arthropoda","Insecta","Diptera","Culicidae","Culicinae","Culicini","Culex","Culex","salinarius",,"Culex salinarius","Coquillett, 1904","species","N",,"F","Darsie Jr., R. F., and R. A. Ward. 2005. Identification and geographical distribution of the mosquitoes of North America, North of Mexico. University Press of Florida, Gainesville.","No known compromise",,,"K.L. Renfro","Vector Disease Control International",
"110b5942-ecb9-4c8d-a591-c730a8f4396f","OSBS_052.mosquitoPoint.mos","D03","OSBS","OSBS_052","2019-03-18T20:04Z","2019-03-19T13:42Z","2019-05-02","OSBS_052.20190319.0942.S.01",,"Y",180,"ANOCRU","Animalia","Arthropoda","Insecta","Diptera","Culicidae","Anophelinae",,"Anopheles","Anopheles","crucians",,"Anopheles crucians","Wiedemann, 1828","species","N",,"F","Darsie Jr., R. F., and R. A. Ward. 2005. Identification and geographical distribution of the mosquitoes of North America, North of Mexico. University Press of Florida, Gainesville.","No known compromise",,,"K.L. Renfro","Vector Disease Control International",
"6911f76f-8369-4cea-984e-21ec853d7088","OSBS_052.mosquitoPoint.mos","D03","OSBS","OSBS_052","2019-03-18T20:04Z","2019-03-19T13:42Z","2019-05-02","OSBS_052.20190319.0942.S.01",,"Y",2,"CULERR","Animalia","Arthropoda","Insecta","Diptera","Culicidae","Culicinae","Culicini","Culex","Melanoconion","erraticus",,"Culex erraticus","(Dyar and Knab, 1906)","species","N",,"F","Darsie Jr., R. F., and R. A. Ward. 2005. Identification and geographical distribution of the mosquitoes of North America, North of Mexico. University Press of Florida, Gainesville.","No known compromise",,,"K.L. Renfro","Vector Disease Control International",
"b4ff1def-c49d-4ed7-9018-e7da8e0cd868","OSBS_052.mosquitoPoint.mos","D03","OSBS","OSBS_052","2019-03-18T20:04Z","2019-03-19T13:42Z","2019-05-02","OSBS_052.20190319.0942.S.01",,"Y",13,"COQPER","Animalia","Arthropoda","Insecta","Diptera","Culicidae","Culicinae","Mansoniini","Coquillettidia","Coquillettidia","perturbans",,"Coquillettidia perturbans","(Walker, 1856)","species","N",,"F","Darsie Jr., R. F., and R. A. Ward. 2005. Identification and geographical distribution of the mosquitoes of North America, North of Mexico. University Press of Florida, Gainesville.","No known compromise",,,"K.L. Renfro","Vector Disease Control International",
"9b552a6a-7481-4e86-b003-4e0d5e2786fd","OSBS_052.mosquitoPoint.mos","D03","OSBS","OSBS_052","2019-03-18T20:04Z","2019-03-19T13:42Z","2019-05-02","OSBS_052.20190319.0942.S.01",,"Y",4,"MANTIT","Animalia","Arthropoda","Insecta","Diptera","Culicidae","Culicinae","Mansoniini","Mansonia","Mansonia","titillans",,"Mansonia titillans","(Walker, 1848)","species","N",,"F","Darsie Jr., R. F., and R. A. Ward. 2005. Identification and geographical distribution of the mosquitoes of North America, North of Mexico. University Press of Florida, Gainesville.","No known compromise",,,"K.L. Renfro","Vector Disease Control International",
"3f9ea6cd-cbbc-4c7a-b801-af00d8e4c72e","OSBS_054.mosquitoPoint.mos","D03","OSBS","OSBS_054","2019-03-18T20:17Z","2019-03-19T13:59Z","2019-05-02","OSBS_054.20190319.0959.S.01",,"Y",20,"CULERR","Animalia","Arthropoda","Insecta","Diptera","Culicidae","Culicinae","Culicini","Culex","Melanoconion","erraticus",,"Culex erraticus","(Dyar and Knab, 1906)","species","N",,"F","Darsie Jr., R. F., and R. A. Ward. 2005. Identification and geographical distribution of the mosquitoes of North America, North of Mexico. University Press of Florida, Gainesville.","No known compromise",,,"K.L. Renfro","Vector Disease Control International",
"501a13e6-d0bf-4890-a892-b98a415dd401","OSBS_054.mosquitoPoint.mos","D03","OSBS","OSBS_054","2019-03-18T20:17Z","2019-03-19T13:59Z","2019-05-02","OSBS_054.20190319.0959.S.01",,"Y",4,"MANTIT","Animalia","Arthropoda","Insecta","Diptera","Culicidae","Culicinae","Mansoniini","Mansonia","Mansonia","titillans",,"Mansonia titillans","(Walker, 1848)","species","N",,"F","Darsie Jr., R. F., and R. A. Ward. 2005. Identification and geographical distribution of the mosquitoes of North America, North of Mexico. University Press of Florida, Gainesville.","No known compromise",,,"K.L. Renfro","Vector Disease Control International",
"930d5044-c150-4185-bdc2-c76299ef75c6","OSBS_054.mosquitoPoint.mos","D03","OSBS","OSBS_054","2019-03-18T20:17Z","2019-03-19T13:59Z","2019-05-02","OSBS_054.20190319.0959.S.01",,"Y",118,"ANOCRU","Animalia","Arthropoda","Insecta","Diptera","Culicidae","Anophelinae",,"Anopheles","Anopheles","crucians",,"Anopheles crucians","Wiedemann, 1828","species","N",,"F","Darsie Jr., R. F., and R. A. Ward. 2005. Identification and geographical distribution of the mosquitoes of North America, North of Mexico. University Press of Florida, Gainesville.","No known compromise",,,"K.L. Renfro","Vector Disease Control International",
"a32dd7e7-411c-4132-8691-7da8957553db","OSBS_054.mosquitoPoint.mos","D03","OSBS","OSBS_054","2019-03-18T20:17Z","2019-03-19T13:59Z","2019-05-02","OSBS_054.20190319.0959.S.01",,"Y",2,"CULSAL","Animalia","Arthropoda","Insecta","Diptera","Culicidae","Culicinae","Culicini","Culex","Culex","salinarius",,"Culex salinarius","Coquillett, 1904","species","N",,"F","Darsie Jr., R. F., and R. A. Ward. 2005. Identification and geographical distribution of the mosquitoes of North America, North of Mexico. University Press of Florida, Gainesville.","No known compromise",,,"K.L. Renfro","Vector Disease Control International",
"2478be69-0db5-40ef-878c-7d03d8217072","OSBS_054.mosquitoPoint.mos","D03","OSBS","OSBS_054","2019-03-18T20:17Z","2019-03-19T13:59Z","2019-05-02","OSBS_054.20190319.0959.S.01",,"Y",25,"COQPER","Animalia","Arthropoda","Insecta","Diptera","Culicidae","Culicinae","Mansoniini","Coquillettidia","Coquillettidia","perturbans",,"Coquillettidia perturbans","(Walker, 1856)","species","N",,"F","Darsie Jr., R. F., and R. A. Ward. 2005. Identification and geographical distribution of the mosquitoes of North America, North of Mexico. University Press of Florida, Gainesville.","No known compromise",,,"K.L. Renfro","Vector Disease Control International",
"9cd3d514-b231-4124-a4e4-d41a9455008a","OSBS_054.mosquitoPoint.mos","D03","OSBS","OSBS_054","2019-03-18T20:17Z","2019-03-19T13:59Z","2019-05-02","OSBS_054.20190319.0959.S.01",,"Y",3,"CULMEL","Animalia","Arthropoda","Insecta","Diptera","Culicidae","Culicinae","Culisetini","Culiseta","Climacura","melanura",,"Culiseta melanura","(Coquillett, 1902)","species","N",,"F","Darsie Jr., R. F., and R. A. Ward. 2005. Identification and geographical distribution of the mosquitoes of North America, North of Mexico. University Press of Florida, Gainesville.","No known compromise",,,"K.L. Renfro","Vector Disease Control International",
"2a074e73-bfd2-4924-8dad-e6fab9781d4e","OSBS_059.mosquitoPoint.mos","D03","OSBS","OSBS_059","2019-03-18T20:39Z","2019-03-19T13:24Z","2019-05-03","OSBS_059.20190319.0924.S.01",,"Y",7,"COQPER","Animalia","Arthropoda","Insecta","Diptera","Culicidae","Culicinae","Mansoniini","Coquillettidia","Coquillettidia","perturbans",,"Coquillettidia perturbans","(Walker, 1856)","species","N",,"F","Darsie Jr., R. F., and R. A. Ward. 2005. Identification and geographical distribution of the mosquitoes of North America, North of Mexico. University Press of Florida, Gainesville.","No known compromise",,,"K.L. Renfro","Vector Disease Control International",
"ad80031a-de1e-4c74-a2e3-5b02ae7aac37","OSBS_059.mosquitoPoint.mos","D03","OSBS","OSBS_059","2019-03-18T20:39Z","2019-03-19T13:24Z","2019-05-03","OSBS_059.20190319.0924.S.01",,"Y",24,"CULSAL","Animalia","Arthropoda","Insecta","Diptera","Culicidae","Culicinae","Culicini","Culex","Culex","salinarius",,"Culex salinarius","Coquillett, 1904","species","N",,"F","Darsie Jr., R. F., and R. A. Ward. 2005. Identification and geographical distribution of the mosquitoes of North America, North of Mexico. University Press of Florida, Gainesville.","No known compromise",,,"K.L. Renfro","Vector Disease Control International",
"4e7694f3-01f2-4164-91c4-7bd792d1e70b","OSBS_059.mosquitoPoint.mos","D03","OSBS","OSBS_059","2019-03-18T20:39Z","2019-03-19T13:24Z","2019-05-03","OSBS_059.20190319.0924.S.01",,"Y",163,"ANOCRU","Animalia","Arthropoda","Insecta","Diptera","Culicidae","Anophelinae",,"Anopheles","Anopheles","crucians",,"Anopheles crucians","Wiedemann, 1828","species","N",,"F","Darsie Jr., R. F., and R. A. Ward. 2005. Identification and geographical distribution of the mosquitoes of North America, North of Mexico. University Press of Florida, Gainesville.","No known compromise",,,"K.L. Renfro","Vector Disease Control International",
"062e7be2-3b14-4d55-ba9f-3ea39d1a02e7","OSBS_059.mosquitoPoint.mos","D03","OSBS","OSBS_059","2019-03-18T20:39Z","2019-03-19T13:24Z","2019-05-03","OSBS_059.20190319.0924.S.01",,"Y",6,"MANTIT","Animalia","Arthropoda","Insecta","Diptera","Culicidae","Culicinae","Mansoniini","Mansonia","Mansonia","titillans",,"Mansonia titillans","(Walker, 1848)","species","N",,"F","Darsie Jr., R. F., and R. A. Ward. 2005. Identification and geographical distribution of the mosquitoes of North America, North of Mexico. University Press of Florida, Gainesville.","No known compromise",,,"K.L. Renfro","Vector Disease Control International",
"81238c10-d970-4bde-ab6d-68e765077ff3","OSBS_061.mosquitoPoint.mos","D03","OSBS","OSBS_061","2019-03-18T20:44Z","2019-03-19T13:30Z","2019-05-03","OSBS_061.20190319.0930.S.01",,"Y",9,"CULSAL","Animalia","Arthropoda","Insecta","Diptera","Culicidae","Culicinae","Culicini","Culex","Culex","salinarius",,"Culex salinarius","Coquillett, 1904","species","N",,"F","Darsie Jr., R. F., and R. A. Ward. 2005. Identification and geographical distribution of the mosquitoes of North America, North of Mexico. University Press of Florida, Gainesville.","No known compromise",,,"K.L. Renfro","Vector Disease Control International",
"2e3c4aa0-3c81-456b-bcb2-2669c4e99e01","OSBS_061.mosquitoPoint.mos","D03","OSBS","OSBS_061","2019-03-18T20:44Z","2019-03-19T13:30Z","2019-05-03","OSBS_061.20190319.0930.S.01",,"Y",17,"ANOCRU","Animalia","Arthropoda","Insecta","Diptera","Culicidae","Anophelinae",,"Anopheles","Anopheles","crucians",,"Anopheles crucians","Wiedemann, 1828","species","N",,"F","Darsie Jr., R. F., and R. A. Ward. 2005. Identification and geographical distribution of the mosquitoes of North America, North of Mexico. University Press of Florida, Gainesville.","No known compromise",,,"K.L. Renfro","Vector Disease Control International",
"059241e5-d8e7-427d-8571-88fec2a5e89a","OSBS_061.mosquitoPoint.mos","D03","OSBS","OSBS_061","2019-03-18T20:44Z","2019-03-19T13:30Z","2019-05-03","OSBS_061.20190319.0930.S.01",,"Y",3,"CULERR","Animalia","Arthropoda","Insecta","Diptera","Culicidae","Culicinae","Culicini","Culex","Melanoconion","erraticus",,"Culex erraticus","(Dyar and Knab, 1906)","species","N",,"F","Darsie Jr., R. F., and R. A. Ward. 2005. Identification and geographical distribution of the mosquitoes of North America, North of Mexico. University Press of Florida, Gainesville.","No known compromise",,,"K.L. Renfro","Vector Disease Control International",
"96d8d294-65ae-4162-9f8b-510128772901","OSBS_061.mosquitoPoint.mos","D03","OSBS","OSBS_061","2019-03-18T20:44Z","2019-03-19T13:30Z","2019-05-03","OSBS_061.20190319.0930.S.01",,"Y",8,"COQPER","Animalia","Arthropoda","Insecta","Diptera","Culicidae","Culicinae","Mansoniini","Coquillettidia","Coquillettidia","perturbans",,"Coquillettidia perturbans","(Walker, 1856)","species","N",,"F","Darsie Jr., R. F., and R. A. Ward. 2005. Identification and geographical distribution of the mosquitoes of North America, North of Mexico. University Press of Florida, Gainesville.","No known compromise",,,"K.L. Renfro","Vector Disease Control International",
"35aa93e2-badb-4d00-bdf1-e350d9afd323","OSBS_055.mosquitoPoint.mos","D03","OSBS","OSBS_055","2019-03-18T21:13Z","2019-03-19T14:23Z","2019-05-03","OSBS_055.20190319.1023.S.01",,"Y",7,"CULERR","Animalia","Arthropoda","Insecta","Diptera","Culicidae","Culicinae","Culicini","Culex","Melanoconion","erraticus",,"Culex erraticus","(Dyar and Knab, 1906)","species","N",,"F","Darsie Jr., R. F., and R. A. Ward. 2005. Identification and geographical distribution of the mosquitoes of North America, North of Mexico. University Press of Florida, Gainesville.","No known compromise",,,"K.L. Renfro","Vector Disease Control International",
"fe591a83-2e3e-40e0-be54-eabb73bf5e93","OSBS_055.mosquitoPoint.mos","D03","OSBS","OSBS_055","2019-03-18T21:13Z","2019-03-19T14:23Z","2019-05-03","OSBS_055.20190319.1023.S.01",,"Y",1,"MANTIT","Animalia","Arthropoda","Insecta","Diptera","Culicidae","Culicinae","Mansoniini","Mansonia","Mansonia","titillans",,"Mansonia titillans","(Walker, 1848)","species","N",,"F","Darsie Jr., R. F., and R. A. Ward. 2005. Identification and geographical distribution of the mosquitoes of North America, North of Mexico. University Press of Florida, Gainesville.","No known compromise",,,"K.L. Renfro","Vector Disease Control International",
"2f6d3ddf-a87f-433c-9173-621a63380c9c","OSBS_055.mosquitoPoint.mos","D03","OSBS","OSBS_055","2019-03-18T21:13Z","2019-03-19T14:23Z","2019-05-03","OSBS_055.20190319.1023.S.01",,"Y",182,"ANOCRU","Animalia","Arthropoda","Insecta","Diptera","Culicidae","Anophelinae",,"Anopheles","Anopheles","crucians",,"Anopheles crucians","Wiedemann, 1828","species","N",,"F","Darsie Jr., R. F., and R. A. Ward. 2005. Identification and geographical distribution of the mosquitoes of North America, North of Mexico. University Press of Florida, Gainesville.","No known compromise",,,"K.L. Renfro","Vector Disease Control International",
"c3cf15bf-e835-45f1-8853-d9b4f7118390","OSBS_055.mosquitoPoint.mos","D03","OSBS","OSBS_055","2019-03-18T21:13Z","2019-03-19T14:23Z","2019-05-03","OSBS_055.20190319.1023.S.01",,"Y",1,"CULSAL","Animalia","Arthropoda","Insecta","Diptera","Culicidae","Culicinae","Culicini","Culex","Culex","salinarius",,"Culex salinarius","Coquillett, 1904","species","N",,"F","Darsie Jr., R. F., and R. A. Ward. 2005. Identification and geographical distribution of the mosquitoes of North America, North of Mexico. University Press of Florida, Gainesville.","No known compromise",,,"K.L. Renfro","Vector Disease Control International",
"fcfad167-668c-4a91-a9ab-900f2713c48c","OSBS_055.mosquitoPoint.mos","D03","OSBS","OSBS_055","2019-03-18T21:13Z","2019-03-19T14:23Z","2019-05-03","OSBS_055.20190319.1023.S.01",,"Y",9,"COQPER","Animalia","Arthropoda","Insecta","Diptera","Culicidae","Culicinae","Mansoniini","Coquillettidia","Coquillettidia","perturbans",,"Coquillettidia perturbans","(Walker, 1856)","species","N",,"F","Darsie Jr., R. F., and R. A. Ward. 2005. Identification and geographical distribution of the mosquitoes of North America, North of Mexico. University Press of Florida, Gainesville.","No known compromise",,,"K.L. Renfro","Vector Disease Control International",
"bb3fae03-7328-4fc2-a244-08f3d103c29a","OSBS_060.mosquitoPoint.mos","D03","OSBS","OSBS_060","2019-03-18T21:44Z","2019-03-19T12:56Z","2019-05-03","OSBS_060.20190319.0856.S.01",,"Y",3,"CULSAL","Animalia","Arthropoda","Insecta","Diptera","Culicidae","Culicinae","Culicini","Culex","Culex","salinarius",,"Culex salinarius","Coquillett, 1904","species","N",,"F","Darsie Jr., R. F., and R. A. Ward. 2005. Identification and geographical distribution of the mosquitoes of North America, North of Mexico. University Press of Florida, Gainesville.","No known compromise",,,"K.L. Renfro","Vector Disease Control International",
"10734ce7-3d9e-4e97-92ec-92648f8f4d86","OSBS_060.mosquitoPoint.mos","D03","OSBS","OSBS_060","2019-03-18T21:44Z","2019-03-19T12:56Z","2019-05-03","OSBS_060.20190319.0856.S.01",,"Y",19,"CULMEL","Animalia","Arthropoda","Insecta","Diptera","Culicidae","Culicinae","Culisetini","Culiseta","Climacura","melanura",,"Culiseta melanura","(Coquillett, 1902)","species","N",,"F","Darsie Jr., R. F., and R. A. Ward. 2005. Identification and geographical distribution of the mosquitoes of North America, North of Mexico. University Press of Florida, Gainesville.","No known compromise",,,"K.L. Renfro","Vector Disease Control International",
"b2a638de-ec79-4e22-961b-c9dad5ab4d34","OSBS_060.mosquitoPoint.mos","D03","OSBS","OSBS_060","2019-03-18T21:44Z","2019-03-19T12:56Z","2019-05-03","OSBS_060.20190319.0856.S.01",,"Y",79,"ANOCRU","Animalia","Arthropoda","Insecta","Diptera","Culicidae","Anophelinae",,"Anopheles","Anopheles","crucians",,"Anopheles crucians","Wiedemann, 1828","species","N",,"F","Darsie Jr., R. F., and R. A. Ward. 2005. Identification and geographical distribution of the mosquitoes of North America, North of Mexico. University Press of Florida, Gainesville.","No known compromise",,,"K.L. Renfro","Vector Disease Control International",
"030c6451-5fc4-43bb-a903-029f50bc60ed","OSBS_060.mosquitoPoint.mos","D03","OSBS","OSBS_060","2019-03-18T21:44Z","2019-03-19T12:56Z","2019-05-03","OSBS_060.20190319.0856.S.01",,"Y",8,"CULERR","Animalia","Arthropoda","Insecta","Diptera","Culicidae","Culicinae","Culicini","Culex","Melanoconion","erraticus",,"Culex erraticus","(Dyar and Knab, 1906)","species","N",,"F","Darsie Jr., R. F., and R. A. Ward. 2005. Identification and geographical distribution of the mosquitoes of North America, North of Mexico. University Press of Florida, Gainesville.","No known compromise",,,"K.L. Renfro","Vector Disease Control International",
"6ffaaee0-9d97-4f61-802d-e17ceeaea978","OSBS_060.mosquitoPoint.mos","D03","OSBS","OSBS_060","2019-03-18T21:44Z","2019-03-19T12:56Z","2019-05-03","OSBS_060.20190319.0856.S.01",,"Y",1,"MANTIT","Animalia","Arthropoda","Insecta","Diptera","Culicidae","Culicinae","Mansoniini","Mansonia","Mansonia","titillans",,"Mansonia titillans","(Walker, 1848)","species","N",,"F","Darsie Jr., R. F., and R. A. Ward. 2005. Identification and geographical distribution of the mosquitoes of North America, North of Mexico. University Press of Florida, Gainesville.","No known compromise",,,"K.L. Renfro","Vector Disease Control International",
"f85630d6-8aa9-4d7e-b32a-36cdc68f391a","OSBS_060.mosquitoPoint.mos","D03","OSBS","OSBS_060","2019-03-18T21:44Z","2019-03-19T12:56Z","2019-05-03","OSBS_060.20190319.0856.S.01",,"Y",49,"COQPER","Animalia","Arthropoda","Insecta","Diptera","Culicidae","Culicinae","Mansoniini","Coquillettidia","Coquillettidia","perturbans",,"Coquillettidia perturbans","(Walker, 1856)","species","N",,"F","Darsie Jr., R. F., and R. A. Ward. 2005. Identification and geographical distribution of the mosquitoes of North America, North of Mexico. University Press of Florida, Gainesville.","No known compromise",,,"K.L. Renfro","Vector Disease Control International",
"4bf8e5e4-7175-4fd8-b8a0-693802f29a83","OSBS_058.mosquitoPoint.mos","D03","OSBS","OSBS_058","2019-03-18T22:00Z","2019-03-19T12:40Z","2019-05-03","OSBS_058.20190319.0840.S.01",,"Y",2,"AEDVEX","Animalia","Arthropoda","Insecta","Diptera","Culicidae","Culicinae","Aedini","Aedes","Aedimorphus","vexans",,"Aedes vexans","(Meigen, 1830)","species","N",,"F","Darsie Jr., R. F., and R. A. Ward. 2005. Identification and geographical distribution of the mosquitoes of North America, North of Mexico. University Press of Florida, Gainesville.","No known compromise",,,"K.L. Renfro","Vector Disease Control International",
"4ac963b2-690e-48e7-ae9c-bf28f08aa168","OSBS_058.mosquitoPoint.mos","D03","OSBS","OSBS_058","2019-03-18T22:00Z","2019-03-19T12:40Z","2019-05-03","OSBS_058.20190319.0840.S.01",,"Y",5,"CULSAL","Animalia","Arthropoda","Insecta","Diptera","Culicidae","Culicinae","Culicini","Culex","Culex","salinarius",,"Culex salinarius","Coquillett, 1904","species","N",,"F","Darsie Jr., R. F., and R. A. Ward. 2005. Identification and geographical distribution of the mosquitoes of North America, North of Mexico. University Press of Florida, Gainesville.","No known compromise",,,"K.L. Renfro","Vector Disease Control International",
"1e2c7cef-cd4a-43f3-8ec2-734a57009cc2","OSBS_058.mosquitoPoint.mos","D03","OSBS","OSBS_058","2019-03-18T22:00Z","2019-03-19T12:40Z","2019-05-03","OSBS_058.20190319.0840.S.01",,"Y",19,"CULMEL","Animalia","Arthropoda","Insecta","Diptera","Culicidae","Culicinae","Culisetini","Culiseta","Climacura","melanura",,"Culiseta melanura","(Coquillett, 1902)","species","N",,"F","Darsie Jr., R. F., and R. A. Ward. 2005. Identification and geographical distribution of the mosquitoes of North America, North of Mexico. University Press of Florida, Gainesville.","No known compromise",,,"K.L. Renfro","Vector Disease Control International",
"29d22f39-d819-44bd-975e-ed172bbe79b9","OSBS_058.mosquitoPoint.mos","D03","OSBS","OSBS_058","2019-03-18T22:00Z","2019-03-19T12:40Z","2019-05-03","OSBS_058.20190319.0840.S.01",,"Y",64,"COQPER","Animalia","Arthropoda","Insecta","Diptera","Culicidae","Culicinae","Mansoniini","Coquillettidia","Coquillettidia","perturbans",,"Coquillettidia perturbans","(Walker, 1856)","species","N",,"F","Darsie Jr., R. F., and R. A. Ward. 2005. Identification and geographical distribution of the mosquitoes of North America, North of Mexico. University Press of Florida, Gainesville.","No known compromise",,,"K.L. Renfro","Vector Disease Control International",
"145be1fd-b11e-4d0b-8d39-7e9f8822b77e","OSBS_058.mosquitoPoint.mos","D03","OSBS","OSBS_058","2019-03-18T22:00Z","2019-03-19T12:40Z","2019-05-03","OSBS_058.20190319.0840.S.01",,"Y",7,"MANTIT","Animalia","Arthropoda","Insecta","Diptera","Culicidae","Culicinae","Mansoniini","Mansonia","Mansonia","titillans",,"Mansonia titillans","(Walker, 1848)","species","N",,"F","Darsie Jr., R. F., and R. A. Ward. 2005. Identification and geographical distribution of the mosquitoes of North America, North of Mexico. University Press of Florida, Gainesville.","No known compromise",,,"K.L. Renfro","Vector Disease Control International",
"62285a6b-d107-45c5-a760-813c318a94f4","OSBS_058.mosquitoPoint.mos","D03","OSBS","OSBS_058","2019-03-18T22:00Z","2019-03-19T12:40Z","2019-05-03","OSBS_058.20190319.0840.S.01",,"Y",1,"AEDCAN3","Animalia","Arthropoda","Insecta","Diptera","Culicidae","Culicinae","Aedini","Aedes",,"canadensis","canadensis","Aedes canadensis canadensis","(Theobald, 1901)","subspecies","N",,"F","Darsie Jr., R. F., and R. A. Ward. 2005. Identification and geographical distribution of the mosquitoes of North America, North of Mexico. University Press of Florida, Gainesville.","No known compromise",,,"K.L. Renfro","Vector Disease Control International",
"dd32a7d2-1775-4972-ba7f-19c2a0422ff7","OSBS_058.mosquitoPoint.mos","D03","OSBS","OSBS_058","2019-03-18T22:00Z","2019-03-19T12:40Z","2019-05-03","OSBS_058.20190319.0840.S.01",,"Y",6,"CULERR","Animalia","Arthropoda","Insecta","Diptera","Culicidae","Culicinae","Culicini","Culex","Melanoconion","erraticus",,"Culex erraticus","(Dyar and Knab, 1906)","species","N",,"F","Darsie Jr., R. F., and R. A. Ward. 2005. Identification and geographical distribution of the mosquitoes of North America, North of Mexico. University Press of Florida, Gainesville.","No known compromise",,,"K.L. Renfro","Vector Disease Control International",
"33bca060-a3f8-49cb-a132-eb2fa5ab92e5","OSBS_058.mosquitoPoint.mos","D03","OSBS","OSBS_058","2019-03-18T22:00Z","2019-03-19T12:40Z","2019-05-03","OSBS_058.20190319.0840.S.01",,"Y",1,"COQPER","Animalia","Arthropoda","Insecta","Diptera","Culicidae","Culicinae","Mansoniini","Coquillettidia","Coquillettidia","perturbans",,"Coquillettidia perturbans","(Walker, 1856)","species","N",,"M","Darsie Jr., R. F., and R. A. Ward. 2005. Identification and geographical distribution of the mosquitoes of North America, North of Mexico. University Press of Florida, Gainesville.","No known compromise",,,"K.L. Renfro","Vector Disease Control International",
"3211f295-19a0-405a-837d-22dde63e0bc8","OSBS_058.mosquitoPoint.mos","D03","OSBS","OSBS_058","2019-03-18T22:00Z","2019-03-19T12:40Z","2019-05-03","OSBS_058.20190319.0840.S.01",,"Y",94,"ANOCRU","Animalia","Arthropoda","Insecta","Diptera","Culicidae","Anophelinae",,"Anopheles","Anopheles","crucians",,"Anopheles crucians","Wiedemann, 1828","species","N",,"F","Darsie Jr., R. F., and R. A. Ward. 2005. Identification and geographical distribution of the mosquitoes of North America, North of Mexico. University Press of Florida, Gainesville.","No known compromise",,,"K.L. Renfro","Vector Disease Control International",
"5118c054-c752-4f56-9c1d-4a3b6bbc7fde","OSBS_058.mosquitoPoint.mos","D03","OSBS","OSBS_058","2019-03-18T22:00Z","2019-03-19T12:40Z","2019-05-03","OSBS_058.20190319.0840.S.01",,"Y",1,"AEDTRI1","Animalia","Arthropoda","Insecta","Diptera","Culicidae","Culicinae","Aedini","Aedes","Protomacleaya","triseriatus",,"Aedes triseriatus","(Say, 1823)","species","N",,"F","Darsie Jr., R. F., and R. A. Ward. 2005. Identification and geographical distribution of the mosquitoes of North America, North of Mexico. University Press of Florida, Gainesville.","No known compromise",,,"K.L. Renfro","Vector Disease Control International",
"b34466aa-aa41-480c-9def-20d2a2a3da05","OSBS_056.mosquitoPoint.mos","D03","OSBS","OSBS_056","2019-03-18T22:12Z","2019-03-19T12:25Z","2019-05-03","OSBS_056.20190319.0825.S.01",,"Y",81,"COQPER","Animalia","Arthropoda","Insecta","Diptera","Culicidae","Culicinae","Mansoniini","Coquillettidia","Coquillettidia","perturbans",,"Coquillettidia perturbans","(Walker, 1856)","species","N",,"F","Darsie Jr., R. F., and R. A. Ward. 2005. Identification and geographical distribution of the mosquitoes of North America, North of Mexico. University Press of Florida, Gainesville.","No known compromise",,,"K.L. Renfro","Vector Disease Control International",
"1cc02651-66b9-4e27-aa8a-cd149df59f4e","OSBS_056.mosquitoPoint.mos","D03","OSBS","OSBS_056","2019-03-18T22:12Z","2019-03-19T12:25Z","2019-05-03","OSBS_056.20190319.0825.S.01",,"Y",13,"MANTIT","Animalia","Arthropoda","Insecta","Diptera","Culicidae","Culicinae","Mansoniini","Mansonia","Mansonia","titillans",,"Mansonia titillans","(Walker, 1848)","species","N",,"F","Darsie Jr., R. F., and R. A. Ward. 2005. Identification and geographical distribution of the mosquitoes of North America, North of Mexico. University Press of Florida, Gainesville.","No known compromise",,,"K.L. Renfro","Vector Disease Control International",
"caaf006c-5f47-432b-9f12-a545695283c7","OSBS_056.mosquitoPoint.mos","D03","OSBS","OSBS_056","2019-03-18T22:12Z","2019-03-19T12:25Z","2019-05-03","OSBS_056.20190319.0825.S.01",,"Y",2,"CULSAL","Animalia","Arthropoda","Insecta","Diptera","Culicidae","Culicinae","Culicini","Culex","Culex","salinarius",,"Culex salinarius","Coquillett, 1904","species","N",,"F","Darsie Jr., R. F., and R. A. Ward. 2005. Identification and geographical distribution of the mosquitoes of North America, North of Mexico. University Press of Florida, Gainesville.","No known compromise",,,"K.L. Renfro","Vector Disease Control International",
"cadbdaf5-ddf0-4fb4-a5fa-c8e63a8e21f1","OSBS_056.mosquitoPoint.mos","D03","OSBS","OSBS_056","2019-03-18T22:12Z","2019-03-19T12:25Z","2019-05-03","OSBS_056.20190319.0825.S.01",,"Y",27,"CULERR","Animalia","Arthropoda","Insecta","Diptera","Culicidae","Culicinae","Culicini","Culex","Melanoconion","erraticus",,"Culex erraticus","(Dyar and Knab, 1906)","species","N",,"F","Darsie Jr., R. F., and R. A. Ward. 2005. Identification and geographical distribution of the mosquitoes of North America, North of Mexico. University Press of Florida, Gainesville.","No known compromise",,,"K.L. Renfro","Vector Disease Control International",
"5efd7d32-1b76-4174-8928-f5f0670eff3a","OSBS_056.mosquitoPoint.mos","D03","OSBS","OSBS_056","2019-03-18T22:12Z","2019-03-19T12:25Z","2019-05-03","OSBS_056.20190319.0825.S.01",,"Y",9,"COQPER","Animalia","Arthropoda","Insecta","Diptera","Culicidae","Culicinae","Mansoniini","Coquillettidia","Coquillettidia","perturbans",,"Coquillettidia perturbans","(Walker, 1856)","species","N",,"M","Darsie Jr., R. F., and R. A. Ward. 2005. Identification and geographical distribution of the mosquitoes of North America, North of Mexico. University Press of Florida, Gainesville.","No known compromise",,,"K.L. Renfro","Vector Disease Control International",
"b0fa5000-17f9-4203-b499-71634c1e4918","OSBS_056.mosquitoPoint.mos","D03","OSBS","OSBS_056","2019-03-18T22:12Z","2019-03-19T12:25Z","2019-05-03","OSBS_056.20190319.0825.S.01",,"Y",68,"ANOCRU","Animalia","Arthropoda","Insecta","Diptera","Culicidae","Anophelinae",,"Anopheles","Anopheles","crucians",,"Anopheles crucians","Wiedemann, 1828","species","N",,"F","Darsie Jr., R. F., and R. A. Ward. 2005. Identification and geographical distribution of the mosquitoes of North America, North of Mexico. University Press of Florida, Gainesville.","No known compromise",,,"K.L. Renfro","Vector Disease Control International",
"df6d1a11-0082-4975-9072-38b9e3c7b8dd","OSBS_057.mosquitoPoint.mos","D03","OSBS","OSBS_057","2019-03-18T22:23Z","2019-03-19T12:13Z","2019-05-03","OSBS_057.20190319.0813.S.01",,"Y",105,"ANOCRU","Animalia","Arthropoda","Insecta","Diptera","Culicidae","Anophelinae",,"Anopheles","Anopheles","crucians",,"Anopheles crucians","Wiedemann, 1828","species","N",,"F","Darsie Jr., R. F., and R. A. Ward. 2005. Identification and geographical distribution of the mosquitoes of North America, North of Mexico. University Press of Florida, Gainesville.","No known compromise",,,"K.L. Renfro","Vector Disease Control International",
"20da0cd6-affb-49c9-ad43-482907666485","OSBS_057.mosquitoPoint.mos","D03","OSBS","OSBS_057","2019-03-18T22:23Z","2019-03-19T12:13Z","2019-05-03","OSBS_057.20190319.0813.S.01",,"Y",3,"CULMEL","Animalia","Arthropoda","Insecta","Diptera","Culicidae","Culicinae","Culisetini","Culiseta","Climacura","melanura",,"Culiseta melanura","(Coquillett, 1902)","species","N",,"F","Darsie Jr., R. F., and R. A. Ward. 2005. Identification and geographical distribution of the mosquitoes of North America, North of Mexico. University Press of Florida, Gainesville.","No known compromise",,,"K.L. Renfro","Vector Disease Control International",
"094a20e3-c48a-49c7-bd24-2665840e6a62","OSBS_057.mosquitoPoint.mos","D03","OSBS","OSBS_057","2019-03-18T22:23Z","2019-03-19T12:13Z","2019-05-03","OSBS_057.20190319.0813.S.01",,"Y",87,"COQPER","Animalia","Arthropoda","Insecta","Diptera","Culicidae","Culicinae","Mansoniini","Coquillettidia","Coquillettidia","perturbans",,"Coquillettidia perturbans","(Walker, 1856)","species","N",,"F","Darsie Jr., R. F., and R. A. Ward. 2005. Identification and geographical distribution of the mosquitoes of North America, North of Mexico. University Press of Florida, Gainesville.","No known compromise",,,"K.L. Renfro","Vector Disease Control International",
"63568898-31d8-4f23-94eb-946b59596262","OSBS_057.mosquitoPoint.mos","D03","OSBS","OSBS_057","2019-03-18T22:23Z","2019-03-19T12:13Z","2019-05-03","OSBS_057.20190319.0813.S.01",,"Y",3,"CULERR","Animalia","Arthropoda","Insecta","Diptera","Culicidae","Culicinae","Culicini","Culex","Melanoconion","erraticus",,"Culex erraticus","(Dyar and Knab, 1906)","species","N",,"F","Darsie Jr., R. F., and R. A. Ward. 2005. Identification and geographical distribution of the mosquitoes of North America, North of Mexico. University Press of Florida, Gainesville.","No known compromise",,,"K.L. Renfro","Vector Disease Control International",
"d7d883b0-7f71-4412-90fd-6f9e62bb7e98","OSBS_057.mosquitoPoint.mos","D03","OSBS","OSBS_057","2019-03-18T22:23Z","2019-03-19T12:13Z","2019-05-03","OSBS_057.20190319.0813.S.01",,"Y",1,"CULSAL","Animalia","Arthropoda","Insecta","Diptera","Culicidae","Culicinae","Culicini","Culex","Culex","salinarius",,"Culex salinarius","Coquillett, 1904","species","N",,"F","Darsie Jr., R. F., and R. A. Ward. 2005. Identification and geographical distribution of the mosquitoes of North America, North of Mexico. University Press of Florida, Gainesville.","No known compromise",,,"K.L. Renfro","Vector Disease Control International",
"4100c095-537f-474a-97c1-5652c00fb680","OSBS_057.mosquitoPoint.mos","D03","OSBS","OSBS_057","2019-03-18T22:23Z","2019-03-19T12:13Z","2019-05-03","OSBS_057.20190319.0813.S.01",,"Y",1,"MANTIT","Animalia","Arthropoda","Insecta","Diptera","Culicidae","Culicinae","Mansoniini","Mansonia","Mansonia","titillans",,"Mansonia titillans","(Walker, 1848)","species","N",,"F","Darsie Jr., R. F., and R. A. Ward. 2005. Identification and geographical distribution of the mosquitoes of North America, North of Mexico. University Press of Florida, Gainesville.","No known compromise",,,"K.L. Renfro","Vector Disease Control International",
"f10ab14a-8490-4bb9-a6e3-fcc494185112","OSBS_057.mosquitoPoint.mos","D03","OSBS","OSBS_057","2019-03-19T12:13Z","2019-03-19T19:39Z","2019-05-03","OSBS_057.20190319.1539.S.01",,"Y",11,"COQPER","Animalia","Arthropoda","Insecta","Diptera","Culicidae","Culicinae","Mansoniini","Coquillettidia","Coquillettidia","perturbans",,"Coquillettidia perturbans","(Walker, 1856)","species","N",,"F","Darsie Jr., R. F., and R. A. Ward. 2005. Identification and geographical distribution of the mosquitoes of North America, North of Mexico. University Press of Florida, Gainesville.","No known compromise",,,"K.L. Renfro","Vector Disease Control International",
"32df54f1-8de9-4449-b673-d82d49d326c5","OSBS_057.mosquitoPoint.mos","D03","OSBS","OSBS_057","2019-03-19T12:13Z","2019-03-19T19:39Z","2019-05-03","OSBS_057.20190319.1539.S.01",,"Y",6,"ANOCRU","Animalia","Arthropoda","Insecta","Diptera","Culicidae","Anophelinae",,"Anopheles","Anopheles","crucians",,"Anopheles crucians","Wiedemann, 1828","species","N",,"F","Darsie Jr., R. F., and R. A. Ward. 2005. Identification and geographical distribution of the mosquitoes of North America, North of Mexico. University Press of Florida, Gainesville.","No known compromise",,,"K.L. Renfro","Vector Disease Control International",
"49d7116b-730d-4f1c-982b-7e2a95f9441b","OSBS_056.mosquitoPoint.mos","D03","OSBS","OSBS_056","2019-03-19T12:25Z","2019-03-19T19:55Z","2019-05-03","OSBS_056.20190319.1555.S.01",,"Y",2,"ANOCRU","Animalia","Arthropoda","Insecta","Diptera","Culicidae","Anophelinae",,"Anopheles","Anopheles","crucians",,"Anopheles crucians","Wiedemann, 1828","species","N",,"F","Darsie Jr., R. F., and R. A. Ward. 2005. Identification and geographical distribution of the mosquitoes of North America, North of Mexico. University Press of Florida, Gainesville.","No known compromise",,,"K.L. Renfro","Vector Disease Control International",
"8f931caf-7725-40d5-880a-2ea03157d37a","OSBS_056.mosquitoPoint.mos","D03","OSBS","OSBS_056","2019-03-19T12:25Z","2019-03-19T19:55Z","2019-05-03","OSBS_056.20190319.1555.S.01",,"Y",2,"CULERR","Animalia","Arthropoda","Insecta","Diptera","Culicidae","Culicinae","Culicini","Culex","Melanoconion","erraticus",,"Culex erraticus","(Dyar and Knab, 1906)","species","N",,"F","Darsie Jr., R. F., and R. A. Ward. 2005. Identification and geographical distribution of the mosquitoes of North America, North of Mexico. University Press of Florida, Gainesville.","No known compromise",,,"K.L. Renfro","Vector Disease Control International",
"43d116d8-0302-48b9-adc8-1eaf51d47a3a","OSBS_056.mosquitoPoint.mos","D03","OSBS","OSBS_056","2019-03-19T12:25Z","2019-03-19T19:55Z","2019-05-03","OSBS_056.20190319.1555.S.01",,"Y",1,"COQPER","Animalia","Arthropoda","Insecta","Diptera","Culicidae","Culicinae","Mansoniini","Coquillettidia","Coquillettidia","perturbans",,"Coquillettidia perturbans","(Walker, 1856)","species","N",,"M","Darsie Jr., R. F., and R. A. Ward. 2005. Identification and geographical distribution of the mosquitoes of North America, North of Mexico. University Press of Florida, Gainesville.","No known compromise",,,"K.L. Renfro","Vector Disease Control International",
"5c42f5cc-081a-4ebd-8854-9a200be1de31","OSBS_056.mosquitoPoint.mos","D03","OSBS","OSBS_056","2019-03-19T12:25Z","2019-03-19T19:55Z","2019-05-03","OSBS_056.20190319.1555.S.01",,"Y",13,"COQPER","Animalia","Arthropoda","Insecta","Diptera","Culicidae","Culicinae","Mansoniini","Coquillettidia","Coquillettidia","perturbans",,"Coquillettidia perturbans","(Walker, 1856)","species","N",,"F","Darsie Jr., R. F., and R. A. Ward. 2005. Identification and geographical distribution of the mosquitoes of North America, North of Mexico. University Press of Florida, Gainesville.","No known compromise",,,"K.L. Renfro","Vector Disease Control International",
"81ee9bbd-17a7-4dc4-86b9-af8793675013","OSBS_058.mosquitoPoint.mos","D03","OSBS","OSBS_058","2019-03-19T12:41Z","2019-03-19T20:10Z","2019-05-03","OSBS_058.20190319.1610.S.01",,"Y",1,"MANTIT","Animalia","Arthropoda","Insecta","Diptera","Culicidae","Culicinae","Mansoniini","Mansonia","Mansonia","titillans",,"Mansonia titillans","(Walker, 1848)","species","N",,"F","Darsie Jr., R. F., and R. A. Ward. 2005. Identification and geographical distribution of the mosquitoes of North America, North of Mexico. University Press of Florida, Gainesville.","No known compromise",,,"K.L. Renfro","Vector Disease Control International",
"e753c7b7-bb4e-4f6c-87a8-aa7bcee0afe9","OSBS_058.mosquitoPoint.mos","D03","OSBS","OSBS_058","2019-03-19T12:41Z","2019-03-19T20:10Z","2019-05-03","OSBS_058.20190319.1610.S.01",,"Y",1,"CULERR","Animalia","Arthropoda","Insecta","Diptera","Culicidae","Culicinae","Culicini","Culex","Melanoconion","erraticus",,"Culex erraticus","(Dyar and Knab, 1906)","species","N",,"F","Darsie Jr., R. F., and R. A. Ward. 2005. Identification and geographical distribution of the mosquitoes of North America, North of Mexico. University Press of Florida, Gainesville.","No known compromise",,,"K.L. Renfro","Vector Disease Control International",
"e5ff5f59-7d7d-4402-91d1-a42b219cd036","OSBS_058.mosquitoPoint.mos","D03","OSBS","OSBS_058","2019-03-19T12:41Z","2019-03-19T20:10Z","2019-05-03","OSBS_058.20190319.1610.S.01",,"Y",1,"CULSAL","Animalia","Arthropoda","Insecta","Diptera","Culicidae","Culicinae","Culicini","Culex","Culex","salinarius",,"Culex salinarius","Coquillett, 1904","species","N",,"F","Darsie Jr., R. F., and R. A. Ward. 2005. Identification and geographical distribution of the mosquitoes of North America, North of Mexico. University Press of Florida, Gainesville.","No known compromise",,,"K.L. Renfro","Vector Disease Control International",
"53362156-96d8-4293-8b38-78d98387fb3a","OSBS_058.mosquitoPoint.mos","D03","OSBS","OSBS_058","2019-03-19T12:41Z","2019-03-19T20:10Z","2019-05-03","OSBS_058.20190319.1610.S.01",,"Y",18,"COQPER","Animalia","Arthropoda","Insecta","Diptera","Culicidae","Culicinae","Mansoniini","Coquillettidia","Coquillettidia","perturbans",,"Coquillettidia perturbans","(Walker, 1856)","species","N",,"F","Darsie Jr., R. F., and R. A. Ward. 2005. Identification and geographical distribution of the mosquitoes of North America, North of Mexico. University Press of Florida, Gainesville.","No known compromise",,,"K.L. Renfro","Vector Disease Control International",
"0a4a405d-7a7f-49c2-b267-d2675c0420fd","OSBS_060.mosquitoPoint.mos","D03","OSBS","OSBS_060","2019-03-19T12:56Z","2019-03-19T20:26Z","2019-05-03","OSBS_060.20190319.1626.S.01",,"Y",5,"ANOCRU","Animalia","Arthropoda","Insecta","Diptera","Culicidae","Anophelinae",,"Anopheles","Anopheles","crucians",,"Anopheles crucians","Wiedemann, 1828","species","N",,"F","Darsie Jr., R. F., and R. A. Ward. 2005. Identification and geographical distribution of the mosquitoes of North America, North of Mexico. University Press of Florida, Gainesville.","No known compromise",,,"K.L. Renfro","Vector Disease Control International",
"82e42c3a-56c3-4619-a5fc-5ca02037f2d4","OSBS_060.mosquitoPoint.mos","D03","OSBS","OSBS_060","2019-03-19T12:56Z","2019-03-19T20:26Z","2019-05-03","OSBS_060.20190319.1626.S.01",,"Y",15,"COQPER","Animalia","Arthropoda","Insecta","Diptera","Culicidae","Culicinae","Mansoniini","Coquillettidia","Coquillettidia","perturbans",,"Coquillettidia perturbans","(Walker, 1856)","species","N",,"F","Darsie Jr., R. F., and R. A. Ward. 2005. Identification and geographical distribution of the mosquitoes of North America, North of Mexico. University Press of Florida, Gainesville.","No known compromise",,,"K.L. Renfro","Vector Disease Control International",
"c1f7f06b-618a-4573-94b2-d115fb50440a","OSBS_060.mosquitoPoint.mos","D03","OSBS","OSBS_060","2019-03-19T12:56Z","2019-03-19T20:26Z","2019-05-03","OSBS_060.20190319.1626.S.01",,"Y",4,"CULERR","Animalia","Arthropoda","Insecta","Diptera","Culicidae","Culicinae","Culicini","Culex","Melanoconion","erraticus",,"Culex erraticus","(Dyar and Knab, 1906)","species","N",,"F","Darsie Jr., R. F., and R. A. Ward. 2005. Identification and geographical distribution of the mosquitoes of North America, North of Mexico. University Press of Florida, Gainesville.","No known compromise",,,"K.L. Renfro","Vector Disease Control International",
"80e1e898-d73c-469a-9a74-e47afa6ef576","OSBS_059.mosquitoPoint.mos","D03","OSBS","OSBS_059","2019-03-19T13:24Z","2019-03-19T20:51Z","2019-05-03","OSBS_059.20190319.1651.S.01",,"Y",1,"CULSAL","Animalia","Arthropoda","Insecta","Diptera","Culicidae","Culicinae","Culicini","Culex","Culex","salinarius",,"Culex salinarius","Coquillett, 1904","species","N",,"F","Darsie Jr., R. F., and R. A. Ward. 2005. Identification and geographical distribution of the mosquitoes of North America, North of Mexico. University Press of Florida, Gainesville.","No known compromise",,,"K.L. Renfro","Vector Disease Control International",
"9abb188a-c7e6-4bc7-9519-47d45de89a24","OSBS_061.mosquitoPoint.mos","D03","OSBS","OSBS_061","2019-03-19T13:30Z","2019-03-19T20:56Z","2019-05-03","OSBS_061.20190319.1656.S.01",,"Y",1,"ANOCRU","Animalia","Arthropoda","Insecta","Diptera","Culicidae","Anophelinae",,"Anopheles","Anopheles","crucians",,"Anopheles crucians","Wiedemann, 1828","species","N",,"F","Darsie Jr., R. F., and R. A. Ward. 2005. Identification and geographical distribution of the mosquitoes of North America, North of Mexico. University Press of Florida, Gainesville.","No known compromise",,,"K.L. Renfro","Vector Disease Control International",
"8433ee40-84cd-488b-8fce-cbe476600a68","OSBS_054.mosquitoPoint.mos","D03","OSBS","OSBS_054","2019-03-19T13:59Z","2019-03-19T21:23Z","2019-05-03","OSBS_054.20190319.1723.S.01",,"Y",3,"COQPER","Animalia","Arthropoda","Insecta","Diptera","Culicidae","Culicinae","Mansoniini","Coquillettidia","Coquillettidia","perturbans",,"Coquillettidia perturbans","(Walker, 1856)","species","N",,"F","Darsie Jr., R. F., and R. A. Ward. 2005. Identification and geographical distribution of the mosquitoes of North America, North of Mexico. University Press of Florida, Gainesville.","No known compromise",,,"K.L. Renfro","Vector Disease Control International",
"9f83bc10-5f34-4e86-87b1-7380d7189000","OSBS_054.mosquitoPoint.mos","D03","OSBS","OSBS_054","2019-03-19T13:59Z","2019-03-19T21:23Z","2019-05-03","OSBS_054.20190319.1723.S.01",,"Y",7,"ANOCRU","Animalia","Arthropoda","Insecta","Diptera","Culicidae","Anophelinae",,"Anopheles","Anopheles","crucians",,"Anopheles crucians","Wiedemann, 1828","species","N",,"F","Darsie Jr., R. F., and R. A. Ward. 2005. Identification and geographical distribution of the mosquitoes of North America, North of Mexico. University Press of Florida, Gainesville.","No known compromise",,,"K.L. Renfro","Vector Disease Control International",
"419cd606-5510-4baf-ba82-ab73f2dbf8a6","OSBS_054.mosquitoPoint.mos","D03","OSBS","OSBS_054","2019-03-19T13:59Z","2019-03-19T21:23Z","2019-05-03","OSBS_054.20190319.1723.S.01",,"Y",1,"CULERR","Animalia","Arthropoda","Insecta","Diptera","Culicidae","Culicinae","Culicini","Culex","Melanoconion","erraticus",,"Culex erraticus","(Dyar and Knab, 1906)","species","N",,"F","Darsie Jr., R. F., and R. A. Ward. 2005. Identification and geographical distribution of the mosquitoes of North America, North of Mexico. University Press of Florida, Gainesville.","No known compromise",,,"K.L. Renfro","Vector Disease Control International",
"d2e1456c-db39-4fda-8573-981bf4afce3c","OSBS_055.mosquitoPoint.mos","D03","OSBS","OSBS_055","2019-03-19T14:23Z","2019-03-19T21:43Z","2019-05-03","OSBS_055.20190319.1743.S.01",,"Y",1,"MANTIT","Animalia","Arthropoda","Insecta","Diptera","Culicidae","Culicinae","Mansoniini","Mansonia","Mansonia","titillans",,"Mansonia titillans","(Walker, 1848)","species","N",,"F","Darsie Jr., R. F., and R. A. Ward. 2005. Identification and geographical distribution of the mosquitoes of North America, North of Mexico. University Press of Florida, Gainesville.","No known compromise",,,"K.L. Renfro","Vector Disease Control International",
